"Player","Year","Rnd","Pick","Tm","ID","PosPro","Age","CollegeUniv","PosCollege","Ht","Wt","X40yd","Vertical","Bench","BroadJump","X3Cone","Shuttle"
"A.J. Klein",2013,5,148,"CAR","KleiAJ00","LB",22,"Iowa St.","ILB",73,250,4.66,NA,20,113,NA,NA
"Aaron Dobson",2013,2,59,"NWE","DobsAa00","WR",22,"Marshall","WR",75,210,4.37,NA,NA,NA,NA,NA
"Aaron Mellette",2013,7,238,"BAL","MellAa00","WR",23,"Elon","WR",74,217,4.54,33.5,9,123,7.11,4.41
"Ace Sanders",2013,4,101,"JAX","SandAc00","WR",21,"South Carolina","WR",67,173,4.58,32,7,117,6.81,4.37
"Akeem Spence",2013,4,100,"TAM","SpenAk00","DT",21,"Illinois","DT",73,307,5.15,30,37,107,7.82,4.72
"Alan Bonner",2013,6,195,"HOU","BonnAl00","WR",22,"Jacksonville St.","WR",70,193,4.59,33,14,117,NA,4.15
"Alec Ogletree",2013,1,30,"STL","OgleAl00","LB",21,"Georgia","OLB",74,242,4.7,33.5,20,122,7.16,4.39
"Alex Okafor",2013,4,103,"ARI","OkafAl00","DE",22,"Texas","DE",76,264,4.78,NA,21,NA,NA,NA
"Andre Ellington",2013,6,187,"ARI","ElliAn00","RB",24,"Clemson","RB",69,199,4.61,34,NA,122,NA,NA
"Armonty Bryant",2013,7,217,"CLE","BryaAr00","DE",23,"East Central (OK)","DE",76,263,4.86,31.5,NA,118,7.32,5
"Arthur Brown",2013,2,56,"BAL","BrowAr00","LB",20,"Kansas St.","OLB",72,241,4.62,NA,NA,116,NA,NA
"B.W. Webb",2013,4,114,"DAL","WebbBW00","DB",23,"William & Mary","CB",70,184,4.51,40.5,14,132,6.82,3.84
"Bacarri Rambo",2013,6,191,"WAS","RambBa00","DB",23,"Georgia","FS",72,211,4.56,NA,17,NA,NA,NA
"Barkevious Mingo",2013,1,6,"CLE","MingBa00","LB",22,"LSU","OLB",76,241,4.58,37,NA,128,6.84,4.39
"Barrett Jones",2013,4,113,"STL","JoneBa00","G",23,"Alabama","C",76,306,5.43,NA,NA,NA,NA,NA
"Bennie Logan",2013,3,67,"PHI","LogaBe00","DT",23,"LSU","DT",74,309,5.08,25,30,104,7.53,4.67
"Bjoern Werner",2013,1,24,"IND","WernBj00","DE",23,"Florida St.","DE",75,266,4.83,31,25,111,7.3,4.4
"Blidi Wreh-Wilson",2013,3,70,"TEN","WrehBl00","DB",23,"Connecticut","CB",73,195,4.53,36,14,128,6.97,4.12
"Brad Sorensen",2013,7,221,"SDG","SoreBr00","QB",25,"Southern Utah","QB",76,229,4.97,29,NA,112,7.17,4.55
"Braden Wilson",2013,6,204,"KAN","WilsBr00","FB",23,"Kansas St.","FB",75,251,4.81,NA,22,NA,NA,NA
"Brandon Hepburn",2013,7,245,"DET","HepbBr00","LB",23,"Florida A&M","ILB",74,240,4.68,32,21,124,7.4,4.55
"Brandon Jenkins",2013,5,162,"WAS","JenkBr00","DE",23,"Florida St.","DE",74,251,5.07,NA,18,NA,NA,NA
"Brandon McGee",2013,5,149,"STL","McGeBr00","DB",22,"Miami (FL)","CB",71,193,4.4,33.5,14,119,6.71,4.18
"Brandon Williams",2013,3,94,"BAL","WillBr02","DT",24,"Missouri Southern","DT",73,335,5.37,29.5,38,102,8.09,4.91
"Brennan Williams",2013,3,89,"HOU","WillBr03","OL",22,"North Carolina","OT",78,318,5.27,NA,NA,NA,NA,NA
"Brian Schwenke",2013,4,107,"TEN","SchwBr00","C",22,"California","C",75,314,4.99,26.5,31,108,7.31,4.74
"Brian Winters",2013,3,72,"NYJ","WintBr00","G",22,"Kent St.","OG",76,320,5.22,NA,9,NA,NA,NA
"Caleb Sturgis",2013,5,166,"MIA","SturCa00","K",24,"Florida","K",70,188,4.77,NA,NA,NA,NA,NA
"Chance Warmack",2013,1,10,"TEN","WarmCh00","G",21,"Alabama","OG",74,317,5.49,NA,NA,110,NA,NA
"Chris Gragg",2013,7,222,"BUF","GragCh00","TE",23,"Arkansas","TE",75,244,4.5,37.5,18,125,7.08,4.51
"Chris Harper",2013,4,123,"SEA","HarpCh00","WR",23,"Kansas St.","WR",73,229,4.55,35.5,20,116,6.89,4.39
"Chris Jones",2013,6,198,"HOU","JoneCh04","DT",23,"Bowling Green","DT",74,302,5.33,NA,30,NA,7.34,4.44
"Chris Thompson",2013,5,154,"WAS","ThomCh03","RB",22,"Florida St.","RB",67,192,4.42,NA,21,NA,NA,NA
"Christine Michael",2013,2,62,"SEA","MichCh00","RB",22,"Texas A&M","RB",70,220,4.54,43,27,125,6.69,4.02
"Cobi Hamilton",2013,6,197,"CIN","HamiCo00","WR",22,"Arkansas","WR",74,212,4.56,29.5,11,107,NA,4.31
"Cordarrelle Patterson",2013,1,29,"MIN","PattCo00","WR",22,"Tennessee","WR",74,216,4.42,37,NA,128,NA,NA
"Corey Fuller",2013,6,171,"DET","FullCo00","WR",23,"Virginia Tech","WR",74,204,4.43,31.5,12,120,NA,NA
"Corey Lemonier",2013,3,88,"SFO","LemoCo00","DE",21,"Auburn","DE",75,255,4.6,33,27,119,7.14,4.4
"Cornelius Washington",2013,6,188,"CHI","WashCo00","LB",23,"Georgia","DE",76,265,4.55,39,36,128,NA,NA
"D.C. Jefferson",2013,7,219,"ARI","JeffD.00","TE",24,"Rutgers","TE",78,255,4.97,NA,3,NA,NA,NA
"D.J. Fluker",2013,1,11,"SDG","FlukDJ00","T",22,"Alabama","OT",77,339,5.31,NA,21,NA,NA,NA
"D.J. Hayden",2013,1,12,"OAK","HaydDJ00","DB",23,"Houston","CB",71,191,4.4,NA,NA,NA,NA,NA
"D.J. Swearinger",2013,2,57,"HOU","SweaDJ00","DB",22,"South Carolina","FS",70,208,4.67,37,17,124,6.7,4.11
"Daimion Stafford",2013,7,248,"TEN","StafDa00","DB",22,"Nebraska","FS",72,221,4.69,30.5,21,111,7.06,NA
"Dallas Thomas",2013,3,77,"MIA","ThomDa04","T",23,"Tennessee","OT",77,306,5.08,NA,NA,NA,NA,NA
"Damontre Moore",2013,3,81,"NYG","MoorDa01","DE",20,"Texas A&M","DE",76,250,4.95,35.5,12,122,NA,NA
"Darius Slay",2013,2,36,"DET","SlayDa00","DB",22,"Mississippi St.","CB",72,192,4.36,35.5,14,124,6.9,4.21
"Datone Jones",2013,1,26,"GNB","JoneDa03","DE",23,"UCLA","DE",76,283,4.8,31.5,29,112,7.32,4.32
"David Amerson",2013,2,51,"WAS","AmerDa00","DB",21,"North Carolina St.","CB",73,205,4.44,35.5,15,127,NA,NA
"David Bakhtiari",2013,4,109,"GNB","BakhDa00","T",21,"Colorado","OT",76,299,5.18,25.5,28,101,7.7,4.74
"David Bass",2013,7,233,"OAK","BassDa00","DE",22,"Missouri Western St.","DE",76,262,4.84,30.5,20,111,7.07,4.33
"David Quessenberry",2013,6,176,"HOU","QuesDa00","OL",23,"San Jose St.","OT",77,302,5.08,29.5,25,112,7.49,4.45
"DeAndre Hopkins",2013,1,27,"HOU","HopkDe00","WR",21,"Clemson","WR",73,214,4.57,36,15,115,NA,4.5
"Dee Milliner",2013,1,9,"NYJ","MillDe00","DB",21,"Alabama","CB",72,201,4.37,36,NA,122,6.95,4.32
"Demetrius McCray",2013,7,210,"JAX","McCrDe00","DB",22,"Appalachian St.","CB",73,187,4.54,36,4,126,7.17,4.32
"Denard Robinson",2013,5,135,"JAX","RobiDe00","WR",22,"Michigan","WR",70,199,4.43,36.5,NA,123,7.09,4.22
"Desmond Trufant",2013,1,22,"ATL","TrufDe00","DB",22,"Washington","CB",72,190,4.38,37.5,16,125,NA,3.85
"Devin Taylor",2013,4,132,"DET","TaylDe00","DE",23,"South Carolina","DE",79,266,4.72,35,14,128,6.89,4.3
"DeVonte Holloman",2013,6,185,"DAL","HollDe01","LB",22,"South Carolina","OLB",73,243,4.76,33,15,113,7.3,4.26
"Dion Jordan",2013,1,3,"MIA","JordDi00","DE",23,"Oregon","OLB",78,248,4.54,32.5,NA,122,7.02,4.35
"Dion Sims",2013,4,106,"MIA","SimsDi00","TE",22,"Michigan St.","TE",77,262,4.75,35,22,112,7.36,4.52
"Duke Williams",2013,4,105,"BUF","WillDu00","DB",22,"Nevada","SS",71,203,4.48,37.5,13,126,NA,4
"Dustin Hopkins",2013,6,177,"BUF","HopkDu00","K",22,"Florida St.","K",74,193,4.74,33.5,NA,116,NA,NA
"Dwayne Gratz",2013,3,64,"JAX","GratDw00","DB",23,"Connecticut","CB",71,201,4.47,38,22,125,6.7,4.15
"Earl Watford",2013,4,116,"ARI","WatfEa00","G",23,"James Madison","OG",75,300,5.06,30,24,107,7.77,5
"Earl Wolff",2013,5,136,"PHI","WolfEa00","DB",23,"North Carolina St.","SS",71,209,4.44,39,NA,134,NA,4.07
"Eddie Lacy",2013,2,61,"GNB","LacyEd00","RB",23,"Alabama","RB",71,231,4.55,NA,NA,NA,NA,NA
"Edmund Kugbila",2013,4,108,"CAR","KugbEd00","OL",22,"Valdosta St.","OG",76,317,5.13,22.5,23,105,7.72,4.65
"Eric Fisher",2013,1,1,"KAN","FishEr00","T",22,"Central Michigan","OT",79,306,5.05,28.5,27,116,7.59,4.44
"Eric Herman",2013,7,225,"NYG","HermEr00","OL",23,"Ohio","OG",76,320,5.25,28,36,95,7.99,5.09
"Eric Reid",2013,1,18,"SFO","ReidEr00","DB",21,"LSU","FS",73,213,4.53,40.5,17,134,6.99,4.22
"Everett Dawkins",2013,7,229,"MIN","DawkEv00","DT",23,"Florida St.","DT",74,292,5.06,30,23,103,7.61,4.88
"Garrett Gilkey",2013,7,227,"CLE","GilkGa00","T",23,"Chadron St.","OT",78,318,5.29,30,28,108,7.65,4.75
"Gavin Escobar",2013,2,47,"DAL","EscoGa00","TE",22,"San Diego St.","TE",78,254,4.84,32,NA,114,7.07,4.31
"Geno Smith",2013,2,39,"NYJ","SmitGe00","QB",22,"West Virginia","QB",74,218,4.58,33.5,NA,124,NA,NA
"Gerald Hodges",2013,4,120,"MIN","HodgGe00","LB",22,"Penn St.","OLB",73,243,4.78,NA,22,119,NA,NA
"Giovani Bernard",2013,2,37,"CIN","BernGi00","RB",21,"North Carolina","RB",68,202,4.53,33.5,19,122,6.91,4.12
"Hugh Thornton",2013,3,86,"IND","ThorHu00","G",22,"Illinois","OG",75,320,5.11,NA,27,NA,7.45,4.63
"J.C. Tretter",2013,4,122,"GNB","TretJC00","T",22,"Cornell","OG",76,307,5.09,29.5,29,109,7.48,4.69
"J.J. Wilcox",2013,3,80,"DAL","WilcJ.00","DB",22,"Georgia Southern","SS",72,213,4.57,35,17,124,7.02,4.09
"Jamar Taylor",2013,2,54,"MIA","TaylJa01","DB",22,"Boise St.","CB",71,192,4.39,35,22,127,6.82,4.06
"Jamie Collins",2013,2,52,"NWE","CollJa00","LB",23,"Southern Miss","OLB",75,250,4.64,41.5,19,139,7.1,4.32
"Jamoris Slaughter",2013,6,175,"CLE","SlauJa00","DB",23,"Notre Dame","SS",72,195,4.57,NA,NA,NA,NA,NA
"Jared Smith",2013,7,241,"SEA","SmitJa02","DT",23,"New Hampshire","DT",75,302,5.08,32.5,28,115,7.2,4.39
"Jarvis Jones",2013,1,17,"PIT","JoneJa05","LB",23,"Georgia","OLB",74,245,4.74,NA,NA,NA,NA,NA
"Jawan Jamison",2013,7,228,"WAS","JamiJa00","RB",21,"Rutgers","RB",67,203,4.68,29,20,110,NA,NA
"Jeff Baca",2013,6,196,"MIN","BacaJe00","G",23,"UCLA","OG",75,302,5.03,26.5,NA,100,7.26,4.44
"Jeff Locke",2013,5,155,"MIN","LockJe00","P",23,"UCLA","P",73,209,4.82,NA,NA,NA,NA,NA
"Jelani Jenkins",2013,4,104,"MIA","JenkJe00","LB",21,"Florida","ILB",72,243,4.65,NA,27,NA,NA,NA
"Jesse Williams",2013,5,137,"SEA","WillJe02","DT",22,"Alabama","DT",75,323,4.94,NA,30,NA,NA,NA
"Joe Kruger",2013,7,212,"PHI","KrugJo00","DE",21,"Utah","DE",78,269,4.83,34,24,117,7.17,4.46
"John Boyett",2013,6,192,"IND","BoyeJo00","DB",23,"Oregon","FS",70,204,4.64,NA,27,NA,NA,NA
"John Jenkins",2013,3,82,"NOR","JenkJo00","DT",24,"Georgia","DT",76,346,5.21,NA,30,NA,NA,NA
"John Simon",2013,4,129,"BAL","SimoJo01","DE",22,"Ohio St.","OLB",73,257,4.62,NA,NA,NA,NA,NA
"Johnathan Franklin",2013,4,125,"GNB","FranJo01","RB",23,"UCLA","RB",70,205,4.49,31.5,18,115,6.89,4.31
"Johnathan Hankins",2013,2,49,"NYG","HankJo00","DT",21,"Ohio St.","DT",75,320,5.31,26,NA,104,7.59,4.61
"Johnthan Banks",2013,2,43,"TAM","BankJo00","DB",23,"Mississippi St.","CB",74,185,4.61,34,10,125,6.97,4.27
"Jonathan Cooper",2013,1,7,"ARI","CoopJo01","G",23,"North Carolina","OG",74,311,5.07,27,35,108,7.78,4.84
"Jordan Hill",2013,3,87,"SEA","HillJo01","DT",22,"Penn St.","DT",73,303,5.23,22.5,28,103,7.49,4.51
"Jordan Mills",2013,5,163,"CHI","MillJo02","T",22,"Louisiana Tech","OT",77,316,5.37,28.5,20,101,8.1,4.88
"Jordan Poyer",2013,7,218,"PHI","PoyeJo00","DB",22,"Oregon St.","CB",72,191,4.54,30.5,8,118,6.87,4.18
"Jordan Reed",2013,3,85,"WAS","ReedJo02","TE",23,"Florida","TE",74,236,4.72,NA,16,NA,NA,NA
"Joseph Randle",2013,5,151,"DAL","RandJo01","RB",21,"Oklahoma St.","RB",72,204,4.63,35,NA,123,NA,NA
"Josh Boyce",2013,4,102,"NWE","BoycJo00","WR",22,"TCU","WR",71,206,4.38,34,22,131,6.68,4.1
"Josh Boyd",2013,5,167,"GNB","BoydJo00","DE",24,"Mississippi St.","DT",75,310,5.14,26.5,32,104,7.16,4.64
"Josh Evans",2013,6,169,"JAX","EvanJo00","DB",22,"Florida","FS",73,207,4.58,34.5,NA,123,6.64,4.1
"Justice Cunningham",2013,7,254,"IND","CunnJu00","TE",22,"South Carolina","TE",75,258,4.94,31.5,NA,116,7.12,4.45
"Justin Hunter",2013,2,34,"TEN","HuntJu00","WR",22,"Tennessee","WR",76,196,4.44,39.5,NA,136,NA,4.33
"Justin Pugh",2013,1,19,"NYG","PughJu00","T",23,"Syracuse","OT",76,307,5.12,28.5,NA,103,7.45,4.63
"Kapron Lewis-Moore",2013,6,200,"BAL","LewiKa00","DE",23,"Notre Dame","DT",76,298,4.95,NA,NA,NA,NA,NA
"Kawann Short",2013,2,44,"CAR","ShorKa00","DT",24,"Purdue","DT",75,299,5.08,NA,NA,NA,NA,NA
"Kayvon Webster",2013,3,90,"DEN","WebsKa00","DB",22,"South Florida","CB",70,195,4.41,35,14,125,NA,NA
"Keenan Allen",2013,3,76,"SDG","AlleKe00","WR",21,"California","WR",74,206,4.58,NA,NA,NA,NA,NA
"Kenjon Barner",2013,6,182,"CAR","BarnKe00","RB",23,"Oregon","RB",69,196,4.52,35.5,20,122,6.87,4.2
"Kenny Stills",2013,5,144,"NOR","StilKe00","WR",21,"Oklahoma","WR",72,194,4.38,33.5,16,124,NA,4.35
"Kenny Vaccaro",2013,1,15,"NOR","VaccKe00","DB",22,"Texas","FS",72,214,4.63,38,15,121,6.78,4.06
"Kerwynn Williams",2013,7,230,"IND","WillKe05","RB",22,"Utah St.","RB",68,195,4.48,35,17,118,7.15,4.15
"Kevin Minter",2013,2,45,"ARI","MintKe00","LB",22,"LSU","ILB",72,246,4.81,33,25,119,NA,NA
"Khaled Holmes",2013,4,121,"IND","HolmKh00","C",23,"USC","C",75,302,5.29,NA,13,NA,NA,NA
"Khalid Wooten",2013,6,202,"TEN","WootKh00","DB",23,"Nevada","CB",71,210,4.53,33.5,17,117,6.95,4.18
"Khaseem Greene",2013,4,117,"CHI","GreeKh00","LB",24,"Rutgers","OLB",73,241,4.71,30,17,116,7.58,4.2
"Kiko Alonso",2013,2,46,"BUF","AlonKi00","LB",23,"Oregon","ILB",75,238,4.74,NA,NA,NA,NA,NA
"Knile Davis",2013,3,96,"KAN","DaviKn00","RB",21,"Arkansas","RB",71,227,4.37,33.5,31,121,6.96,4.38
"Kyle Long",2013,1,20,"CHI","LongKy00","G",24,"Oregon","OG",78,313,4.91,28,NA,107,7.83,4.63
"Landry Jones",2013,4,115,"PIT","JoneLa02","QB",24,"Oklahoma","QB",76,225,5.11,31,NA,115,7.12,4.3
"Lane Johnson",2013,1,4,"PHI","JohnLa01","T",23,"Oklahoma","OT",78,303,4.72,34,28,118,7.31,4.52
"Larry Warford",2013,3,65,"DET","WarfLa00","G",22,"Kentucky","OG",75,332,5.58,22.5,28,96,7.78,5.1
"Lavar Edwards",2013,5,142,"TEN","EdwaLa00","DE",23,"LSU","DE",76,277,4.8,33,NA,119,7.03,4.51
"Le'Veon Bell",2013,2,48,"PIT","BellLe00","RB",21,"Michigan St.","RB",73,230,4.6,31.5,24,118,6.75,4.24
"Leon McFadden",2013,3,68,"CLE","McFaLe00","DB",22,"San Diego St.","CB",70,193,4.54,34.5,10,119,6.81,4.27
"Levine Toilolo",2013,4,133,"ATL","ToilLe00","TE",22,"Stanford","TE",80,260,4.86,31,17,113,7.09,4.57
"Logan Ryan",2013,3,83,"NWE","RyanLo00","DB",22,"Rutgers","CB",71,191,4.56,32.5,14,116,6.69,4.06
"Luke Joeckel",2013,1,2,"JAX","JoecLu00","T",21,"Texas A&M","OT",78,306,5.3,28.5,27,106,7.4,4.68
"Malliciah Goodman",2013,4,127,"ATL","GoodMa01","DE",23,"Clemson","DE",76,276,4.87,31.5,26,114,NA,NA
"Manti Te'o",2013,2,38,"SDG","TeoxMa00","LB",22,"Notre Dame","ILB",73,241,4.82,33,NA,113,7.13,4.27
"Marc Anthony",2013,7,247,"BAL","AnthMa00","DB",23,"California","CB",71,196,4.63,35,12,118,6.74,4.07
"Marcus Lattimore",2013,4,131,"SFO","LattMa00","RB",21,"South Carolina","RB",71,221,4.65,NA,NA,NA,NA,NA
"Margus Hunt",2013,2,53,"CIN","HuntMa00","DE",26,"SMU","DE",80,277,4.62,34.5,38,121,7.07,4.51
"Markus Wheaton",2013,3,79,"PIT","WheaMa00","WR",22,"Oregon St.","WR",71,189,4.45,37,20,120,6.8,4.02
"Marquess Wilson",2013,7,236,"CHI","WilsMa02","WR",20,"Washington St.","WR",75,194,4.51,34.5,7,122,6.65,4.33
"Marquise Goodwin",2013,3,78,"BUF","GoodMa00","WR",22,"Texas","WR",69,183,4.27,NA,13,132,NA,NA
"Matt Barkley",2013,4,98,"PHI","BarkMa00","QB",22,"USC","QB",74,227,4.91,NA,NA,NA,NA,NA
"Matt Elam",2013,1,32,"BAL","ElamMa00","DB",22,"Florida","SS",70,208,4.43,35.5,17,118,NA,NA
"Menelik Watson",2013,2,42,"OAK","WatsMe00","T",24,"Florida St.","OT",77,310,5.29,24.5,NA,103,8.31,5.01
"Micah Hyde",2013,5,159,"GNB","HydeMi00","DB",22,"Iowa","CB",72,197,4.56,33,12,121,6.78,4.2
"Michael Buchanan",2013,7,226,"NWE","BuchMi00","DE",22,"Illinois","DE",77,255,4.78,33,22,113,6.91,4.44
"Michael Mauti",2013,7,213,"MIN","MautMi00","LB",23,"Penn St.","OLB",74,243,4.83,NA,28,NA,NA,NA
"Mike Gillislee",2013,5,164,"MIA","GillMi00","RB",22,"Florida","RB",71,208,4.55,30.5,15,119,7.12,4.4
"Mike Glennon",2013,3,73,"TAM","GlenMi00","QB",23,"North Carolina St.","QB",79,225,4.94,26.5,NA,102,7.49,4.52
"Mike James",2013,6,189,"TAM","JameMi00","RB",22,"Miami (FL)","RB",70,223,4.53,35,28,115,NA,4.62
"Montee Ball",2013,2,58,"DEN","BallMo00","RB",22,"Wisconsin","RB",70,214,4.66,32,15,118,6.88,4.4
"Montori Hughes",2013,5,139,"IND","HughMo00","DT",23,"Tenn-Martin","DT",76,329,5.23,26.5,22,104,7.85,4.7
"Mychal Rivera",2013,6,184,"OAK","RiveMy00","TE",22,"Tennessee","TE",75,242,4.81,31,17,112,7.17,4.43
"Nicholas Williams",2013,7,223,"PIT","WillNi01","DT",23,"Samford","DT",76,309,4.94,33,28,111,7.55,4.65
"Nick Kasa",2013,6,172,"OAK","KasaNi00","TE",22,"Colorado","TE",78,269,4.71,31.5,22,113,NA,NA
"Nick Moody",2013,6,180,"SFO","MoodNi00","LB",23,"Florida St.","OLB",73,236,4.71,NA,17,118,NA,NA
"Nico Johnson",2013,4,99,"KAN","JohnNi00","LB",23,"Alabama","ILB",74,248,4.73,NA,NA,NA,NA,NA
"Oday Aboushi",2013,5,141,"NYJ","AbouOd00","T",22,"Virginia","OT",77,308,5.41,23.5,17,100,7.92,4.84
"Phillip Thomas",2013,4,119,"WAS","ThomPh00","DB",24,"Fresno St.","FS",72,208,4.65,35,14,122,NA,NA
"Quanterus Smith",2013,5,146,"DEN","SmitQu00","DE",23,"West. Kentucky","DE",77,250,4.74,NA,NA,NA,NA,NA
"Quinton Dial",2013,5,157,"SFO","DialQu00","DE",23,"Alabama","DT",77,318,5.29,NA,NA,NA,NA,NA
"Quinton Patton",2013,4,128,"SFO","PattQu00","WR",23,"Louisiana Tech","WR",72,204,4.53,33,8,118,6.91,4.01
"Reid Fragel",2013,7,240,"CIN","FragRe00","OL",22,"Ohio St.","OT",80,308,5.14,30,33,113,7.62,4.68
"Rex Burkhead",2013,6,190,"CIN","BurkRe00","RB",23,"Nebraska","RB",70,214,4.73,39,21,125,6.85,4.09
"Ricky Wagner",2013,5,168,"BAL","WagnRi00","T",23,"Wisconsin","OT",78,308,5.17,31.5,20,101,7.94,4.91
"Robert Alford",2013,2,60,"ATL","AlfoRo00","DB",24,"SE Louisiana","CB",70,188,4.39,40,17,132,6.89,4.23
"Robert Woods",2013,2,41,"BUF","WoodRo02","WR",21,"USC","WR",72,201,4.51,33.5,14,117,7.15,4.47
"Ryan Nassib",2013,4,110,"NYG","NassRy00","QB",23,"Syracuse","QB",74,227,5.06,28.5,NA,105,7.34,4.53
"Ryan Swope",2013,6,174,"ARI","SwopRy00","WR",22,"Texas A&M","WR",72,205,4.34,37,16,125,6.76,4.25
"Sam Barrington",2013,7,232,"GNB","BarrSa00","LB",22,"South Florida","ILB",73,246,4.91,32.5,22,117,NA,NA
"Sam Montgomery",2013,3,95,"HOU","MontSa00","DE",23,"LSU","DE",75,262,4.81,34.5,NA,114,7.18,4.51
"Sanders Commings",2013,5,134,"KAN","CommSa00","DB",23,"Georgia","CB",72,216,4.41,34.5,NA,117,7.1,4.3
"Sean Porter",2013,4,118,"CIN","PortSe00","LB",22,"Texas A&M","OLB",73,229,4.75,35,22,119,NA,NA
"Sean Renfree",2013,7,249,"ATL","RenfSe00","QB",23,"Duke","QB",75,219,4.76,NA,NA,NA,NA,NA
"Shamarko Thomas",2013,4,111,"PIT","ThomSh00","DB",22,"Syracuse","SS",69,213,4.42,40.5,28,133,NA,4.26
"Sharrif Floyd",2013,1,23,"MIN","FloySh00","DT",21,"Florida","DT",75,297,4.92,30,NA,106,7.4,4.75
"Shawn Williams",2013,3,84,"CIN","WillSh02","DB",22,"Georgia","SS",72,213,4.46,36,25,120,7.01,4.25
"Sheldon Richardson",2013,1,13,"NYJ","RichSh00","DT",22,"Missouri","DT",74,294,5.02,32,30,116,NA,NA
"Sio Moore",2013,3,66,"OAK","MoorSi00","LB",23,"Connecticut","OLB",73,245,4.65,38,29,127,7.49,4.31
"Spencer Ware",2013,6,194,"SEA","WareSp00","RB",21,"LSU","RB",70,228,4.62,NA,NA,NA,NA,NA
"Stacy McGee",2013,6,205,"OAK","McGeSt01","DT",23,"Oklahoma","DT",75,308,4.98,NA,NA,NA,NA,NA
"Stansly Maponga",2013,5,153,"ATL","MapoSt00","DE",22,"TCU","DE",74,256,4.78,NA,30,NA,NA,NA
"Star Lotulelei",2013,1,14,"CAR","LotuSt00","DT",23,"Utah","DT",74,311,5.14,NA,NA,NA,NA,NA
"Stedman Bailey",2013,3,92,"STL","BailSt01","WR",22,"West Virginia","WR",70,193,4.52,34.5,11,117,6.81,4.09
"Stepfan Taylor",2013,5,140,"ARI","TaylSt00","RB",22,"Stanford","RB",69,214,4.76,30,17,110,7.13,4.5
"Steve Beauharnais",2013,7,235,"NWE","BeauSt00","LB",23,"Rutgers","ILB",73,240,4.84,33,19,118,6.99,4.2
"Steve Williams",2013,5,145,"SDG","WillSt02","DB",22,"California","CB",69,181,4.42,40.5,12,128,6.89,4.1
"Sylvester Williams",2013,1,28,"DEN","WillSy00","DT",24,"North Carolina","DT",75,313,5.03,26.5,27,102,7.93,4.8
"T.J. Johnson",2013,7,251,"CIN","JohnTJ00","C",23,"South Carolina","C",76,310,5.33,25.5,32,96,7.83,4.74
"T.J. McDonald",2013,3,71,"STL","McDoTJ00","DB",22,"USC","FS",74,219,4.59,40,19,131,6.89,4.2
"Tank Carradine",2013,2,40,"SFO","CarrCo00","DE",23,"Florida St.","DE",76,276,4.9,NA,28,NA,NA,NA
"Tanner Hawkinson",2013,5,156,"CIN","HawkTa00","T",23,"Kansas","OT",77,298,5.07,28.5,NA,112,7.52,4.51
"Tavarres King",2013,5,161,"DEN","KingTa00","WR",23,"Georgia","WR",72,189,4.47,36.5,11,123,6.91,4.33
"Tavon Austin",2013,1,8,"STL","AustTa00","WR",23,"West Virginia","WR",68,174,4.34,32,14,120,NA,4.01
"Terrance Williams",2013,3,74,"DAL","WillTe01","WR",23,"Baylor","WR",74,208,4.52,32.5,11,119,7.01,4.32
"Terron Armstead",2013,3,75,"NOR","ArmsTe00","T",22,"Ark-Pine Bluff","OT",77,306,4.71,34.5,31,112,7.62,4.72
"Terry Hawthorne",2013,5,150,"PIT","HawtTe00","DB",23,"Illinois","CB",72,195,4.44,35.5,13,116,NA,NA
"Tharold Simon",2013,5,138,"SEA","SimoTh00","DB",22,"LSU","CB",74,202,4.51,34,9,128,NA,NA
"Theo Riddick",2013,6,199,"DET","RiddTh00","RB",22,"Notre Dame","RB",70,201,4.68,32,NA,118,NA,NA
"Tommy Bohanon",2013,7,215,"NYJ","BohaTo00","RB",22,"Wake Forest","FB",73,246,4.88,35,36,119,7.27,4.42
"Tourek Williams",2013,6,179,"SDG","WillTo00","DE",22,"Florida International","DE",75,260,4.92,33,25,112,NA,NA
"Travis Bond",2013,7,214,"MIN","BondTr00","G",22,"North Carolina","OG",78,329,5.27,22.5,22,98,7.85,4.96
"Travis Frederick",2013,1,31,"DAL","FredTr00","C",22,"Wisconsin","C",76,312,5.58,28.5,21,97,7.81,4.76
"Travis Kelce",2013,3,63,"KAN","KelcTr00","TE",23,"Cincinnati","TE",77,255,4.63,NA,NA,NA,NA,NA
"Trevardo Williams",2013,4,124,"HOU","WillTr02","DE",22,"Connecticut","OLB",73,241,4.57,38,30,124,NA,NA
"Ty Powell",2013,7,231,"SEA","PoweTy00","DE",25,"Harding","OLB",74,249,4.64,37,28,122,6.98,4.4
"Tyler Eifert",2013,1,21,"CIN","EifeTy00","TE",22,"Notre Dame","TE",77,250,4.68,35.5,22,119,6.92,4.32
"Tyler Wilson",2013,4,112,"OAK","WilsTy00","QB",24,"Arkansas","QB",74,215,4.95,28.5,NA,112,7.22,4.39
"Tyrann Mathieu",2013,3,69,"ARI","MathTy00","DB",21,"LSU","CB",69,186,4.5,34,4,117,6.87,4.14
"Vance McDonald",2013,2,55,"SFO","McDoVa00","TE",23,"Rice","TE",76,267,4.69,33.5,31,119,7.08,4.53
"Vinston Painter",2013,6,173,"DEN","PainVi00","G",23,"Virginia Tech","OT",76,306,4.95,30.5,32,97,7.71,4.56
"Will Davis",2013,3,93,"MIA","DaviWi02","DB",23,"Utah St.","CB",71,186,4.51,35.5,16,127,6.52,4.02
"William Gholston",2013,4,126,"TAM","GholWi00","DE",22,"Michigan St.","DE",78,281,4.96,28.5,23,110,7.2,4.59
"Xavier Rhodes",2013,1,25,"MIN","RhodXa00","DB",23,"Florida St.","CB",73,210,4.43,40.5,14,132,NA,NA
"Zac Dysert",2013,7,234,"DEN","DyseZa00","QB",23,"Miami (OH)","QB",75,231,4.81,NA,NA,NA,NA,NA
"Zac Stacy",2013,5,160,"STL","StacZa00","RB",22,"Vanderbilt","RB",68,216,4.55,33,27,122,6.7,4.17
"Zach Ertz",2013,2,35,"PHI","ErtzZa00","TE",22,"Stanford","TE",77,249,4.76,30.5,24,111,7.08,4.47
"Zaviar Gooden",2013,3,97,"TEN","GoodZa00","LB",23,"Missouri","OLB",73,234,4.47,34,27,131,6.71,4.18
"Zeke Motta",2013,7,244,"ATL","MottZe00","DB",23,"Notre Dame","SS",74,213,4.75,35.5,11,126,6.75,4.16
"A.J. McCarron",2014,5,164,"CIN","McCaA.00","QB",23,"Alabama","QB",75,220,4.94,28,NA,99,7.18,4.34
"Aaron Colvin",2014,4,114,"JAX","ColvAa00","DB",22,"Oklahoma","CB",71,177,4.51,NA,NA,NA,NA,NA
"Aaron Donald",2014,1,13,"STL","DonaAa00","DT",23,"Pittsburgh","DT",73,285,4.68,32,35,116,7.11,4.39
"Aaron Lynch",2014,5,150,"SFO","LyncAa00","DE",21,"South Florida","DE",77,249,4.76,NA,18,NA,NA,NA
"Aaron Murray",2014,5,163,"KAN","MurrAa00","QB",23,"Georgia","QB",72,207,4.84,NA,NA,NA,NA,NA
"Ahmad Dixon",2014,7,248,"DAL","DixoAh00","DB",23,"Baylor","SS",72,212,4.64,32,14,111,7.55,4.5
"Alfred Blue",2014,6,181,"HOU","BlueAl00","RB",23,"LSU","RB",74,223,4.63,32,13,121,7.15,4.5
"Allen Robinson",2014,2,61,"JAX","RobiAl02","WR",21,"Penn St.","WR",75,220,4.6,39,NA,127,7,4
"Andre Hal",2014,7,216,"HOU","HalxAn00","DB",22,"Vanderbilt","CB",70,188,4.5,35.5,15,119,7.14,4.27
"Andre Williams",2014,4,113,"NYG","WillAn00","RB",22,"Boston Col.","RB",71,230,4.56,38,NA,129,7.27,4.06
"Andrew Jackson",2014,6,203,"IND","JackAn02","LB",22,"West. Kentucky","ILB",73,254,4.9,NA,NA,NA,NA,NA
"Anthony Barr",2014,1,9,"MIN","BarrAn00","LB",22,"UCLA","OLB",77,255,4.66,34.5,15,119,6.82,4.19
"Anthony Hitchens",2014,4,119,"DAL","HitcAn00","LB",22,"Iowa","OLB",72,240,4.74,31.5,23,116,7.15,4.45
"Antone Exum",2014,6,182,"MIN","ExumAn00","DB",23,"Virginia Tech","CB",72,213,4.59,35,17,117,7.05,4.13
"Arthur Lynch",2014,5,155,"MIA","LyncAr00","TE",24,"Georgia","TE",77,258,4.82,29.5,28,116,7.38,4.35
"Austin Seferian-Jenkins",2014,2,38,"TAM","SefeAu00","TE",21,"Washington","TE",77,262,4.75,NA,20,NA,NA,NA
"Avery Williamson",2014,5,151,"TEN","WillAv00","LB",22,"Kentucky","ILB",73,246,4.66,30.5,25,120,7.11,4.07
"Bashaud Breeland",2014,4,102,"WAS","BreeBa00","DB",22,"Clemson","CB",71,197,4.62,34.5,11,123,7.04,4.33
"Bennett Jackson",2014,6,187,"NYG","JackBe00","DB",22,"Notre Dame","CB",72,195,4.51,38,13,128,6.75,4
"Billy Turner",2014,3,67,"MIA","TurnBi00","T",22,"North Dakota St.","OT",77,315,5.16,28,25,108,7.92,4.71
"Bishop Sankey",2014,2,54,"TEN","SankBi00","RB",21,"Washington","RB",69,209,4.49,35.5,26,126,6.75,4
"Blake Bortles",2014,1,3,"JAX","BortBl00","QB",22,"Central Florida","QB",77,232,4.93,32.5,NA,115,7.08,4.21
"Bradley Roby",2014,1,31,"DEN","RobyBr00","DB",22,"Ohio St.","CB",71,194,4.39,38.5,17,124,NA,4.04
"Brandin Cooks",2014,1,20,"NOR","CookBr00","WR",20,"Oregon St.","WR",70,189,4.33,36,16,120,6.76,3.81
"Brandon Dixon",2014,6,195,"NYJ","DixoBr00","DB",24,"NW Missouri St.","CB",71,203,4.41,32.5,17,117,7.15,4.27
"Brandon Linder",2014,3,93,"JAX","LindBr00","OL",22,"Miami (FL)","OG",78,311,5.35,26.5,30,100,NA,NA
"Brandon Thomas",2014,3,100,"SFO","ThomBr02","OL",23,"Clemson","OG",75,317,5.09,29,35,98,8.13,4.83
"Brent Urban",2014,4,134,"BAL","UrbaBr00","DT",23,"Virginia","DE",79,295,4.98,NA,NA,NA,NA,NA
"Brock Vereen",2014,4,131,"CHI","VereBr00","DB",22,"Minnesota","SS",72,199,4.47,34,25,117,6.9,4.07
"Bruce Ellington",2014,4,106,"SFO","ElliBr00","WR",23,"South Carolina","WR",69,197,4.45,39.5,15,120,6.69,3.95
"Bryan Stork",2014,4,105,"NWE","StorBr00","C",23,"Florida St.","C",76,315,5.44,NA,NA,NA,NA,NA
"C.J. Fiedorowicz",2014,3,65,"HOU","FiedC.00","TE",22,"Iowa","TE",77,265,4.76,31.5,25,116,7.1,4.26
"C.J. Mosley",2014,1,17,"BAL","MoslC.00","LB",22,"Alabama","ILB",74,234,4.65,35,NA,118,7.3,4.4
"Calvin Pryor",2014,1,18,"NYJ","PryoCa00","DB",22,"Louisville","FS",71,207,4.58,34.5,18,116,NA,NA
"Cameron Fleming",2014,4,140,"NWE","FlemCa00","T",22,"Stanford","OT",77,323,5.28,23.5,26,97,8.24,5
"Caraun Reid",2014,5,158,"DET","ReidCa00","DT",22,"Princeton","DT",74,302,4.91,26.5,20,106,7.59,4.58
"Carl Bradford",2014,4,121,"GNB","BradCa01","LB",22,"Arizona St.","OLB",73,250,4.76,37.5,23,122,7.25,4.3
"Carlos Hyde",2014,2,57,"SFO","HydeCa00","RB",23,"Ohio St.","RB",72,230,4.62,34.5,19,114,NA,NA
"Cassius Marsh",2014,4,108,"SEA","MarsCa00","DE",22,"UCLA","DE",76,252,4.89,32,14,108,7.08,4.25
"Charles Leno",2014,7,246,"CHI","LenoCh00","T",22,"Boise St.","OG",76,303,5.25,29,21,108,7.57,4.4
"Charles Sims",2014,3,69,"TAM","SimsCh00","RB",23,"West Virginia","RB",72,214,4.48,37.5,17,126,7.16,4.3
"Chris Borland",2014,3,77,"SFO","BorlCh00","LB",23,"Wisconsin","ILB",71,248,4.83,31,27,114,7.18,4.27
"Chris Smith",2014,5,159,"JAX","SmitCh03","DE",22,"Arkansas","OLB",73,266,4.66,37,28,121,7.55,4.46
"Chris Watt",2014,3,89,"SDG","WattCh00","G",24,"Notre Dame","OG",75,310,5.5,NA,29,NA,NA,NA
"Christian Kirksey",2014,3,71,"CLE","KirkCh00","LB",22,"Iowa","OLB",74,233,4.72,32,16,122,NA,NA
"Cody Latimer",2014,2,56,"DEN","LatiCo00","WR",21,"Indiana","WR",74,215,4.52,NA,23,NA,NA,NA
"Corey Linsley",2014,5,161,"GNB","LinsCo00","C",23,"Ohio St.","C",75,296,5.24,27,36,NA,NA,NA
"Crockett Gillmore",2014,3,99,"BAL","GillCr00","TE",22,"Colorado St.","TE",78,260,4.89,33.5,NA,120,7.42,4.44
"Cyril Richardson",2014,5,153,"BUF","RichCy00","G",23,"Baylor","OG",77,329,5.36,25.5,25,91,7.7,4.83
"Cyrus Kouandjio",2014,2,44,"BUF","KouaCy00","T",21,"Alabama","OT",79,322,5.59,27.5,21,96,7.71,4.84
"Dakota Dozier",2014,4,137,"NYJ","DoziDa00","OL",23,"Furman","OG",76,313,5.42,24,23,101,8.14,4.89
"Daniel McCullers",2014,6,215,"PIT","McCuDa00","DT",22,"Tennessee","DT",79,352,5.18,20.5,27,97,NA,NA
"DaQuan Jones",2014,4,112,"TEN","JoneDa04","DT",22,"Penn St.","DT",76,322,5.35,27.5,25,101,7.73,4.78
"Darqueze Dennard",2014,1,24,"CIN","DennDa00","DB",22,"Michigan St.","CB",71,199,4.52,NA,15,NA,NA,NA
"Davante Adams",2014,2,53,"GNB","AdamDa01","WR",21,"Fresno St.","WR",73,212,4.56,39.5,14,123,6.82,4.3
"David Fales",2014,6,183,"CHI","FaleDa00","QB",23,"San Jose St.","QB",74,212,4.99,28,NA,103,7.55,4.5
"David Yankey",2014,5,145,"MIN","YankDa00","OL",22,"Stanford","OG",78,315,5.48,28.5,22,103,7.81,4.86
"De'Anthony Thomas",2014,4,124,"KAN","ThomDe05","RB",21,"Oregon","RB",69,174,4.39,32,8,124,NA,NA
"Dee Ford",2014,1,23,"KAN","FordDe00","LB",23,"Auburn","DE",74,252,NA,NA,NA,NA,NA,NA
"Demarcus Lawrence",2014,2,34,"DAL","LawrDe00","DE",22,"Boise St.","DE",75,251,4.8,34.5,20,113,7.46,4.31
"Demetri Goodson",2014,6,197,"GNB","GoodDe00","DB",25,"Baylor","CB",71,194,4.52,37,11,123,6.8,4.34
"Deone Bucannon",2014,1,27,"ARI","BucaDe00","DB",22,"Washington St.","SS",73,211,4.49,36.5,19,125,6.96,4.26
"Derek Carr",2014,2,36,"OAK","CarrDe02","QB",23,"Fresno St.","QB",74,214,4.69,34.5,NA,110,NA,4.2
"Devin Street",2014,5,146,"DAL","StreDe00","WR",23,"Pittsburgh","WR",75,198,4.55,37,NA,124,6.89,4.01
"Devon Kennard",2014,5,174,"NYG","KennDe00","DE",23,"USC","OLB",75,249,4.7,30,23,113,7.25,4.32
"Devonta Freeman",2014,4,103,"ATL","FreeDe00","RB",22,"Florida St.","RB",68,206,4.58,31.5,NA,118,7.11,4.26
"Dexter McDougle",2014,3,80,"NYJ","McDoDe00","DB",23,"Maryland","CB",70,196,4.47,NA,NA,NA,NA,NA
"Dezmen Southward",2014,3,68,"ATL","SoutDe00","DB",23,"Wisconsin","SS",72,211,4.38,NA,NA,NA,NA,NA
"Dominique Easley",2014,1,29,"NWE","EaslDo00","DT",22,"Florida","DT",74,288,4.93,NA,26,NA,NA,NA
"Dontae Johnson",2014,4,129,"SFO","JohnDo02","DB",22,"North Carolina St.","CB",74,200,4.41,38.5,12,124,6.82,4.24
"Donte Moncrief",2014,3,90,"IND","MoncDo00","WR",21,"Mississippi","WR",74,221,4.4,39.5,13,132,7.02,4.3
"Dri Archer",2014,3,97,"PIT","ArchDr00","WR",23,"Kent St.","WR",68,173,4.26,38,20,122,6.86,4.06
"E.J. Gaines",2014,6,188,"STL","GainE.00","DB",22,"Missouri","CB",70,190,4.44,NA,15,NA,NA,NA
"Ed Reynolds",2014,5,162,"PHI","ReynEd00","DB",22,"Stanford","FS",73,207,4.57,32.5,15,117,NA,NA
"Ed Stinson",2014,5,160,"ARI","StinEd00","DE",24,"Alabama","DE",75,287,4.98,NA,NA,NA,NA,NA
"Ego Ferguson",2014,2,51,"CHI","FergEg00","DT",22,"LSU","DT",75,315,4.98,NA,24,NA,NA,NA
"Eric Ebron",2014,1,10,"DET","EbroEr00","TE",21,"North Carolina","TE",76,250,4.6,32,24,120,NA,NA
"Gabe Jackson",2014,3,81,"OAK","JackGa00","G",23,"Mississippi St.","OG",75,336,5.34,29,30,108,8.25,4.78
"Greg Robinson",2014,1,2,"STL","RobiGr01","T",21,"Auburn","OT",77,332,4.92,28.5,32,113,7.8,4.86
"Ha Ha Clinton-Dix",2014,1,21,"GNB","ClinHa00","DB",21,"Alabama","FS",73,208,4.58,33,11,119,7.16,4.16
"Ja'Wuan James",2014,1,19,"MIA","JameJa01","T",22,"Tennessee","OT",78,311,5.26,29,22,103,7.42,4.56
"Jabari Price",2014,7,225,"MIN","PricJa00","DB",21,"North Carolina","CB",71,200,4.45,NA,16,NA,7.04,4.3
"Jace Amaro",2014,2,49,"NYJ","AmarJa00","TE",22,"Texas Tech","TE",77,265,4.74,33,28,118,7.42,4.3
"Jack Mewhort",2014,2,59,"IND","MewhJa00","T",23,"Ohio St.","OT",78,309,5.37,26,28,101,7.79,4.64
"Jadeveon Clowney",2014,1,1,"HOU","ClowJa00","DE",21,"South Carolina","DE",77,266,4.53,37.5,21,124,7.27,4.43
"Jake Matthews",2014,1,6,"ATL","MattJa00","T",22,"Texas A&M","OT",77,308,5.07,30.5,24,105,7.34,4.47
"Jalen Saunders",2014,4,104,"NYJ","SaunJa00","WR",21,"Oklahoma","WR",69,165,4.44,34,NA,122,NA,NA
"James White",2014,4,130,"NWE","WhitJa02","RB",22,"Wisconsin","RB",69,204,4.57,32,23,114,7.05,4.2
"Jared Abbrederis",2014,5,176,"GNB","AbbrJa00","WR",23,"Wisconsin","WR",73,195,4.5,30.5,4,117,6.8,4.08
"Jarvis Landry",2014,2,63,"MIA","LandJa00","WR",21,"LSU","WR",71,205,4.65,28.5,12,110,NA,NA
"Jason Verrett",2014,1,25,"SDG","VerrJa00","DB",23,"TCU","CB",69,189,4.38,39,NA,128,6.69,4
"Jay Bromley",2014,3,74,"NYG","BromJa00","DT",22,"Syracuse","DT",75,306,5.06,33.5,26,106,7.92,4.78
"Jaylen Watkins",2014,4,101,"PHI","WatkJa01","DB",22,"Florida","CB",71,194,4.41,NA,22,NA,NA,NA
"Jeff Janis",2014,7,236,"GNB","JaniJe00","WR",23,"Saginaw Valley St.","WR",75,219,4.42,37.5,20,123,6.64,3.98
"Jemea Thomas",2014,6,206,"NWE","ThomJe03","DB",24,"Georgia Tech","CB",69,192,4.52,37,19,125,NA,NA
"Jeoffrey Pagan",2014,6,177,"HOU","PagaJe00","DE",21,"Alabama","DE",75,310,4.92,NA,NA,NA,NA,NA
"Jeremiah Attaochu",2014,2,50,"SDG","AttaJe00","LB",21,"Georgia Tech","OLB",75,252,NA,NA,NA,NA,NA,NA
"Jeremiah George",2014,5,154,"NYJ","GeorJe01","LB",22,"Iowa St.","ILB",71,234,4.91,33,28,116,NA,NA
"Jeremy Gallon",2014,7,244,"NWE","GallJe00","WR",24,"Michigan","WR",67,185,4.49,NA,15,NA,NA,NA
"Jeremy Hill",2014,2,55,"CIN","HillJe01","RB",21,"LSU","RB",73,233,4.56,29,20,113,NA,NA
"Jerick McKinnon",2014,3,96,"MIN","McKiJe00","RB",22,"Georgia Southern","RB",69,209,4.41,40.5,32,132,6.83,4.12
"Jimmie Ward",2014,1,30,"SFO","WardJi01","DB",23,"Northern Illinois","SS",71,193,4.59,NA,9,NA,NA,NA
"Jimmy Garoppolo",2014,2,62,"NWE","GaroJi00","QB",22,"East. Illinois","QB",74,226,4.97,30.5,NA,110,7.04,4.26
"Joel Bitonio",2014,2,35,"CLE","BitoJo00","G",22,"Nevada","OG",76,302,4.92,32,22,114,7.37,4.44
"John Brown",2014,3,91,"ARI","BrowJo02","WR",24,"Pittsburg St.","WR",70,179,4.34,36.5,NA,119,6.91,4.12
"John Urschel",2014,5,175,"BAL","UrscJo00","G",23,"Penn St.","OG",75,313,5.31,29,30,102,7.55,4.47
"Johnny Manziel",2014,1,22,"CLE","ManzJo00","QB",21,"Texas A&M","QB",72,207,4.68,31.5,NA,113,6.75,4.03
"Jon Halapio",2014,6,179,"NWE","HalaJo00","OL",23,"Florida","OG",75,323,5.34,21.5,NA,100,8.26,4.83
"Jonathan Dowling",2014,7,247,"OAK","DowlJo00","DB",22,"West. Kentucky","FS",75,190,4.52,33.5,8,118,7.04,4.24
"Jonathan Newsome",2014,5,166,"IND","NewsJo00","LB",23,"Ball St.","OLB",75,247,4.73,34,21,117,7.31,4.63
"Jordan Matthews",2014,2,42,"PHI","MattJo00","WR",22,"Vanderbilt","WR",75,212,4.46,35.5,21,120,6.95,4.18
"Jordan Tripp",2014,5,171,"MIA","TripJo00","LB",23,"Montana","OLB",75,234,4.67,37.5,22,120,6.89,3.96
"Jordan Zumwalt",2014,6,192,"PIT","ZumwJo00","LB",22,"UCLA","OLB",76,235,4.76,33,NA,116,6.99,4.25
"Josh Huff",2014,3,86,"PHI","HuffJo00","WR",22,"Oregon","WR",71,206,4.51,35.5,14,116,NA,NA
"Justin Britt",2014,2,64,"SEA","BritJu00","T",23,"Missouri","OT",78,325,5.19,27.5,23,100,8.14,4.69
"Justin Ellis",2014,4,107,"OAK","ElliJu01","DT",23,"Louisiana Tech","DT",73,334,5.27,28,25,92,7.81,4.75
"Justin Gilbert",2014,1,8,"CLE","GilbJu00","DB",22,"Oklahoma St.","CB",72,202,4.37,35.5,20,126,6.92,NA
"Ka'Deem Carey",2014,4,117,"CHI","CareKa00","RB",21,"Arizona","RB",69,207,4.69,32.5,19,115,7.08,4.38
"Kadeem Edwards",2014,5,143,"TAM","EdwaKa00","OL",23,"Tennessee St.","OG",76,313,5.25,27,26,99,7.95,4.82
"Kaleb Ramsey",2014,7,243,"SFO","RamsKa00","DE",25,"Boston Col.","DT",75,293,NA,NA,36,NA,NA,NA
"Kareem Martin",2014,3,84,"ARI","MartKa00","DE",22,"North Carolina","DE",78,272,4.72,35.5,22,129,7.2,4.33
"Keith McGill",2014,4,116,"OAK","McGiKe00","DB",25,"Utah","CB",75,211,4.51,39,NA,129,7.29,4.18
"Keith Reaser",2014,5,170,"SFO","ReasKe00","DB",23,"Florida Atlantic","CB",71,189,4.43,NA,22,NA,NA,NA
"Keith Wenning",2014,6,194,"BAL","WennKe00","QB",23,"Ball St.","QB",75,218,5,28,NA,100,7.07,4.25
"Kelvin Benjamin",2014,1,28,"CAR","BenjKe00","WR",23,"Florida St.","WR",77,240,4.61,32.5,13,119,7.33,4.39
"Kendall James",2014,6,184,"MIN","JameKe00","DB",23,"Maine","CB",70,180,4.44,39,9,NA,6.81,4.19
"Kevin Norwood",2014,4,123,"SEA","NorwKe00","WR",24,"Alabama","WR",74,198,4.48,33,8,121,6.68,4.32
"Kevin Pierre-Louis",2014,4,132,"SEA","PierKe00","LB",22,"Boston Col.","OLB",72,232,4.51,39,28,128,6.92,4.02
"Khairi Fortt",2014,4,126,"NOR","FortKh00","LB",22,"California","OLB",74,248,4.7,36,30,120,NA,NA
"Khalil Mack",2014,1,5,"OAK","MackKh00","LB",23,"Buffalo","OLB",75,251,4.65,40,23,128,7.08,4.18
"Khyri Thornton",2014,3,85,"GNB","ThorKh00","DT",24,"Southern Miss","DT",75,304,5.03,29,28,112,7.83,4.76
"Kony Ealy",2014,2,60,"CAR","EalyKo00","DE",22,"Missouri","DE",76,273,4.92,31,22,114,6.83,4.45
"Kyle Fuller",2014,1,14,"CHI","FullKy00","DB",22,"Virginia Tech","CB",72,190,4.49,38.5,12,128,6.9,4.19
"Kyle Van Noy",2014,2,40,"DET","VanNKy00","LB",23,"BYU","OLB",75,243,4.71,32.5,21,112,7.22,4.2
"Lache Seastrunk",2014,6,186,"WAS","SeasLa00","RB",23,"Baylor","RB",69,201,4.51,41.5,15,134,NA,NA
"Lamarcus Joyner",2014,2,41,"STL","JoynLa00","DB",23,"Florida St.","CB",68,184,4.55,37.5,14,124,7.26,4.4
"Lamin Barrow",2014,5,156,"DEN","BarrLa00","LB",23,"LSU","ILB",73,237,4.64,35,22,123,7.24,4.35
"Larry Webster",2014,4,136,"DET","WebsLa00","DE",24,"Bloomsburg","TE",78,252,4.58,36.5,17,123,7.29,4.44
"Lavelle Westbrooks",2014,7,252,"CIN","WestLa00","DB",22,"Georgia Southern","CB",71,186,4.63,36,15,121,6.98,4.27
"Logan Thomas",2014,4,120,"ARI","ThomLo00","QB",23,"Virginia Tech","QB",78,248,4.61,35.5,NA,118,7.05,4.18
"Lorenzo Taliaferro",2014,4,138,"BAL","TaliLo00","RB",22,"Coastal Carolina","RB",72,229,4.58,33,18,118,6.88,4.22
"Marcus Martin",2014,3,70,"SFO","MartMa01","C",20,"USC","C",75,320,5.38,NA,23,NA,NA,NA
"Marcus Smith",2014,1,26,"PHI","SmitMa03","LB",22,"Louisville","DE",75,251,4.66,35,23,121,7.48,4.47
"Marion Grice",2014,6,201,"SDG","GricMa00","RB",23,"Arizona St.","RB",72,208,4.67,NA,NA,NA,NA,NA
"Marqise Lee",2014,2,39,"JAX","LeexMa00","WR",22,"USC","WR",72,192,4.52,38,NA,127,NA,4.01
"Marqueston Huff",2014,4,122,"TEN","HuffMa00","DB",22,"Wyoming","FS",71,196,4.49,35.5,15,118,7.26,4.19
"Martavis Bryant",2014,4,118,"PIT","BryaMa00","WR",22,"Clemson","WR",76,211,4.42,39,16,124,7.18,4.15
"Matt Hazel",2014,6,190,"MIA","HazeMa01","WR",22,"Coastal Carolina","WR",73,198,4.5,36.5,15,118,7.08,4.2
"Matt Paradis",2014,6,207,"DEN","ParaMa00","OL",24,"Boise St.","C",75,306,5.34,26,23,103,7.6,4.46
"Michael Campanaro",2014,7,218,"BAL","CampMi02","WR",23,"Wake Forest","WR",69,192,4.46,39,20,122,6.77,4.01
"Michael Sam",2014,7,249,"STL","SamxMi00","DE",24,"Missouri","DE",74,261,4.91,25.5,17,114,7.8,4.7
"Michael Schofield",2014,3,95,"DEN","SchoMi00","OL",23,"Michigan","OT",78,301,5.01,24,NA,93,7.62,4.57
"Mike Evans",2014,1,7,"TAM","EvanMi00","WR",21,"Texas A&M","WR",77,231,4.53,37,12,NA,7.08,4.26
"Morgan Moses",2014,3,66,"WAS","MoseMo00","OL",23,"Virginia","OT",78,314,5.35,21.5,NA,106,7.93,4.95
"Nat Berhe",2014,5,152,"NYG","BerhNa00","DB",23,"San Diego St.","SS",70,193,4.71,35.5,15,117,7.08,4.22
"Nevin Lawson",2014,4,133,"DET","LawsNe00","DB",23,"Utah St.","CB",69,190,4.48,33,16,120,7.12,4.4
"Pat O'Donnell",2014,6,191,"CHI","ODonPa00","P",23,"Miami (FL)","P",76,220,4.64,30.5,23,120,NA,NA
"Paul Richardson",2014,2,45,"SEA","RichPa01","WR",22,"Colorado","WR",72,175,4.4,38,NA,124,7.09,NA
"Phillip Gaines",2014,3,87,"KAN","GainPh00","DB",23,"Rice","CB",72,193,4.38,36.5,11,122,6.62,4.04
"Pierre Desir",2014,4,127,"CLE","DesiPi00","DB",23,"Lindenwood","CB",73,198,4.59,35,11,133,6.86,4.3
"Preston Brown",2014,3,73,"BUF","BrowPr00","LB",21,"Louisville","ILB",73,251,4.86,33,23,116,6.98,4.26
"Prince Shembo",2014,4,139,"ATL","ShemPr00","LB",22,"Notre Dame","OLB",73,253,4.71,38.5,26,122,7.29,4.31
"Quincy Enunwa",2014,6,209,"NYJ","EnunQu00","WR",22,"Nebraska","WR",74,225,4.41,NA,19,NA,NA,NA
"Ra'Shede Hageman",2014,2,37,"ATL","HageRa00","DT",24,"Minnesota","DT",78,310,4.92,35.5,32,114,7.87,4.5
"Ricardo Allen",2014,5,147,"ATL","AlleRi00","DB",22,"Purdue","CB",69,187,4.61,35.5,13,117,NA,4.15
"Richard Rodgers",2014,3,98,"GNB","RodgRi00","TE",22,"California","TE",76,257,4.87,31.5,16,116,7.23,4.47
"Rob Blanchflower",2014,7,230,"PIT","BlanRo01","TE",24,"Massachusetts","TE",76,256,4.82,NA,NA,NA,NA,NA
"Robert Herron",2014,6,185,"TAM","HerrRo00","WR",22,"Wyoming","WR",69,193,4.48,35.5,18,125,6.84,4.27
"Ronald Powell",2014,5,169,"NOR","PoweRo01","LB",23,"Florida","OLB",75,237,4.65,35.5,21,114,NA,NA
"Ross Cockrell",2014,4,109,"BUF","CockRo00","DB",23,"Duke","CB",72,191,4.56,36.5,10,122,7.28,4.32
"Russell Bodine",2014,4,111,"CIN","BodiRu00","C",22,"North Carolina","OG",75,310,5.18,29,42,109,8.26,4.66
"Ryan Carrethers",2014,5,165,"SDG","CarrRy00","DT",23,"Arkansas St.","DT",73,337,5.47,26,32,88,7.89,4.6
"Ryan Grant",2014,5,142,"WAS","GranRy01","WR",23,"Tulane","WR",72,199,4.64,35.5,8,119,6.68,4.11
"Ryan Shazier",2014,1,15,"PIT","ShazRy00","LB",22,"Ohio St.","OLB",73,237,4.58,42,25,130,6.91,4.21
"Sammy Watkins",2014,1,4,"BUF","WatkSa00","WR",21,"Clemson","WR",73,211,4.43,34,16,126,6.95,4.34
"Scott Crichton",2014,3,72,"MIN","CricSc00","DE",22,"Oregon St.","DE",75,273,4.84,31.5,24,108,7.19,4.29
"Seantrel Henderson",2014,7,237,"BUF","HendSe00","OL",22,"Miami (FL)","OT",79,331,5.04,24,NA,95,8.15,4.77
"Shamar Stephen",2014,7,220,"MIN","StepSh00","DT",23,"Connecticut","DT",77,309,5.25,30.5,25,103,NA,NA
"Shaquelle Evans",2014,4,115,"NYJ","EvanSh00","WR",23,"UCLA","WR",73,213,4.51,34.5,13,122,7.07,4.21
"Spencer Long",2014,3,78,"WAS","LongSp00","G",23,"Nebraska","OG",77,320,5.16,NA,NA,NA,NA,NA
"Stanley Jean-Baptiste",2014,2,58,"NOR","JeanSt00","DB",24,"Nebraska","CB",75,218,4.61,41.5,13,128,NA,4.33
"Stephon Tuitt",2014,2,46,"PIT","TuitSt00","DE",21,"Notre Dame","DT",77,304,4.92,NA,31,NA,NA,NA
"Storm Johnson",2014,7,222,"JAX","JohnSt03","RB",22,"Central Florida","RB",72,209,4.6,35.5,16,118,NA,NA
"T.J. Jones",2014,6,189,"DET","JoneT.00","WR",22,"Notre Dame","WR",72,188,4.46,33,NA,119,6.82,4.27
"Tajh Boyd",2014,6,213,"NYJ","BoydTa00","QB",23,"Clemson","QB",73,222,4.84,30.5,NA,106,7.33,4.23
"Taylor Hart",2014,5,141,"PHI","HartTa00","DE",23,"Oregon","DE",78,281,4.92,NA,21,NA,NA,NA
"Taylor Lewan",2014,1,11,"TEN","LewaTa00","T",23,"Michigan","OT",79,309,4.87,30.5,29,117,7.39,4.49
"Teddy Bridgewater",2014,1,32,"MIN","BridTe00","QB",21,"Louisville","QB",74,214,NA,30,NA,113,7.17,4.2
"Telvin Smith",2014,5,144,"JAX","SmitTe01","LB",23,"Florida St.","OLB",75,218,4.52,31.5,NA,119,NA,NA
"Terrance Mitchell",2014,7,254,"DAL","MitcTe00","DB",22,"Oregon","CB",71,192,4.63,34,NA,117,6.57,4
"Terrance West",2014,3,94,"CLE","WestTe00","RB",23,"Towson","RB",69,225,4.56,33.5,16,120,NA,NA
"Terrence Brooks",2014,3,79,"BAL","BrooTe00","DB",22,"Florida St.","FS",71,198,4.42,38,10,119,7.35,NA
"Tevin Reese",2014,7,240,"SDG","ReesTe00","WR",23,"Baylor","WR",70,163,4.46,41,NA,132,6.63,4.18
"Timmy Jernigan",2014,2,48,"BAL","JernTi00","DT",21,"Florida St.","DT",74,299,5.06,29.5,27,102,NA,4.83
"Tom Savage",2014,4,135,"HOU","SavaTo00","QB",24,"Pittsburgh","QB",76,228,4.97,27,NA,105,7.33,4.36
"Trai Turner",2014,3,92,"CAR","TurnTr01","OL",21,"LSU","OG",75,310,4.93,27.5,25,NA,NA,NA
"Travis Swanson",2014,3,76,"DET","SwanTr00","C",23,"Arkansas","C",77,312,5.28,26,20,95,7.73,4.65
"Tre Boston",2014,4,128,"CAR","BostTr00","DB",22,"North Carolina","SS",72,204,4.58,35,18,116,7.04,4.31
"Tre Mason",2014,3,75,"STL","MasoTr00","RB",21,"Auburn","RB",68,207,4.5,38.5,NA,126,NA,4.15
"Trent Murphy",2014,2,47,"WAS","MurpTr00","LB",23,"Stanford","DE",77,250,4.86,35.5,19,118,6.78,4.2
"Trevor Reilly",2014,7,233,"NYJ","ReilTr00","LB",26,"Utah","OLB",77,245,4.67,NA,26,NA,NA,NA
"Trey Millard",2014,7,245,"SFO","MillTr00","FB",23,"Oklahoma","FB",74,247,4.64,NA,NA,NA,NA,NA
"Troy Niklas",2014,2,52,"ARI","NiklTr00","TE",21,"Notre Dame","TE",78,270,4.84,32,27,114,7.57,4.55
"Tyler Gaffney",2014,6,204,"CAR","GaffTy00","RB",23,"Stanford","RB",71,220,4.49,36.5,NA,116,6.78,4.18
"Tyler Starr",2014,7,255,"ATL","StarTy00","LB",23,"South Dakota","OLB",76,250,4.95,32,24,116,6.64,4.15
"Vinnie Sunseri",2014,5,167,"NOR","SunsVi00","DB",20,"Alabama","SS",71,210,NA,NA,18,NA,NA,NA
"Wesley Johnson",2014,5,173,"PIT","JohnWe00","OL",23,"Vanderbilt","C",77,297,5.11,29,26,111,7.4,4.64
"Weston Richburg",2014,2,43,"NYG","RichWe00","OL",23,"Colorado St.","C",75,298,5.1,25.5,25,106,7.93,4.63
"Will Clarke",2014,3,88,"CIN","ClarWi00","DE",23,"West Virginia","DE",78,271,4.77,32,22,112,7.26,4.57
"Will Sutton",2014,3,82,"CHI","SuttWi00","DT",22,"Arizona St.","DT",72,303,5.36,28.5,24,99,7.93,4.82
"Xavier Su'a-Filo",2014,2,33,"HOU","Sua-Xa00","G",23,"UCLA","OG",76,307,5.04,25,25,102,7.6,4.44
"Yawin Smallwood",2014,7,253,"ATL","SmalYa00","LB",22,"Connecticut","ILB",74,246,NA,36.5,18,108,NA,NA
"Zach Fulton",2014,6,193,"KAN","FultZa00","G",22,"Tennessee","OG",77,316,5.16,24.5,25,98,7.87,5.16
"Zach Hocker",2014,7,228,"WAS","HockZa00","K",23,"Arkansas","K",72,189,4.9,NA,NA,NA,NA,NA
"Zach Mettenberger",2014,6,178,"TEN","MettZa00","QB",23,"LSU","QB",77,224,NA,NA,NA,NA,NA,NA
"Zach Moore",2014,6,198,"NWE","MoorZa00","DE",24,"Concordia-St.Paul (MN)","DE",77,269,4.84,33.5,23,123,7.41,4.46
"Zack Martin",2014,1,16,"DAL","MartZa00","G",23,"Notre Dame","OG",76,308,5.22,28,29,106,7.65,4.59
"A.J. Cann",2015,3,67,"JAX","CannA.00","G",23,"South Carolina","OG",75,313,5.47,NA,26,NA,NA,NA
"Adrian Amos",2015,5,142,"CHI","AmosAd00","FS",22,"Penn St.","FS",72,218,4.56,35.5,NA,122,7.09,4.03
"Alex Carter",2015,3,80,"DET","CartAl01","CB",20,"Stanford","CB",72,196,4.51,40,17,121,7.05,4.07
"Ali Marpet",2015,2,61,"TAM","MarpAl00","C",22,"Hobart","OG",76,307,4.98,30.5,30,108,7.33,4.47
"Amari Cooper",2015,1,4,"OAK","CoopAm00","WR",21,"Alabama","WR",73,211,4.42,33,NA,120,6.71,3.98
"Amarlo Herrera",2015,6,207,"IND","HerrAm00","ILB",23,"Georgia","ILB",73,244,4.83,32,23,111,7.35,4.27
"Ameer Abdullah",2015,2,54,"DET","AbduAm00","RB",22,"Nebraska","RB",69,205,4.6,42.5,24,130,6.79,3.95
"Andrew Donnal",2015,4,119,"STL","DonnAn00","T",23,"Iowa","OT",78,313,5.31,32,17,101,7.84,4.77
"Andrus Peat",2015,1,13,"NOR","PeatAn00","T",21,"Stanford","OT",79,313,5.18,31,NA,105,8.01,4.62
"Andy Gallik",2015,6,208,"TEN","GallAn00","C",23,"Boston Col.","C",74,306,5.5,27,29,96,7.66,4.58
"Angelo Blackson",2015,4,100,"TEN","BlacAn00","DT",22,"Auburn","DT",76,318,5.02,31,20,101,7.5,4.57
"Anthony Chickillo",2015,6,212,"PIT","ChicAn00","DE",22,"Miami (FL)","DE",75,267,4.79,34.5,27,114,7.17,4.25
"Arie Kouandjio",2015,4,112,"WAS","KouaAr00","G",23,"Alabama","OG",77,310,5.48,NA,NA,NA,NA,NA
"Arik Armstead",2015,1,17,"SFO","ArmsAr01","DT",21,"Oregon","DE",79,292,5.06,34,24,117,7.57,4.53
"Austin Shepherd",2015,7,228,"MIN","ShepAu00","T",23,"Alabama","OT",76,315,5.39,29,17,94,8.04,4.7
"B.J. Dubose",2015,6,193,"MIN","DuboB.00","DE",23,"Louisville","DE",76,284,5.06,NA,26,NA,NA,NA
"Ben Heeney",2015,5,140,"OAK","HeenBe00","ILB",23,"Kansas","ILB",72,231,4.59,33.5,19,120,6.68,4
"Ben Koyack",2015,7,229,"JAX","KoyaBe00","TE",22,"Notre Dame","TE",77,255,4.79,NA,NA,NA,NA,NA
"Benardrick McKinney",2015,2,43,"HOU","McKiBe00","ILB",22,"Mississippi St.","ILB",76,246,4.66,40.5,16,121,7.21,4.27
"Blake Bell",2015,4,117,"SFO","BellBl00","TE",24,"Oklahoma","TE",78,252,4.8,33,14,116,6.85,4.32
"Bobby Hart",2015,7,226,"NYG","HartBo00","G",21,"Florida St.","OG",77,329,5.61,NA,NA,NA,NA,NA
"Bobby McCain",2015,5,145,"MIA","McCaBo01","CB",22,"Memphis","CB",69,195,4.51,36,17,130,6.8,3.82
"Bradley Pinion",2015,5,165,"SFO","PiniBr00","P",21,"Clemson","P",77,229,5.18,NA,NA,NA,NA,NA
"Brandon Scherff",2015,1,5,"WAS","ScheBr00","T",23,"Iowa","OT",77,319,5.05,NA,23,NA,NA,NA
"Breshad Perriman",2015,1,26,"BAL","PerrBr02","WR",21,"Central Florida","WR",74,212,NA,NA,NA,NA,NA,NA
"Brett Hundley",2015,5,147,"GNB","HundBr00","QB",22,"UCLA","QB",75,226,4.63,36,NA,120,6.93,3.98
"Bryce Hager",2015,7,224,"STL","HageBr00","ILB",23,"Baylor","ILB",73,234,4.6,35,26,117,7.15,4.36
"Bryce Petty",2015,4,103,"NYJ","PettBr01","QB",24,"Baylor","QB",75,230,4.87,34,NA,121,6.91,4.13
"Byron Jones",2015,1,27,"DAL","JoneBy00","CB",22,"Connecticut","CB",73,199,4.43,44.5,NA,147,6.78,3.94
"Cameron Artis-Payne",2015,5,174,"CAR","ArtiCa00","RB",25,"Auburn","RB",70,212,4.53,36.5,NA,118,7.13,NA
"Cameron Erving",2015,1,19,"CLE","ErviCa00","C",23,"Florida St.","C",77,313,5.15,30.5,30,112,7.48,4.63
"Carl Davis",2015,3,90,"BAL","DaviCa01","DT",23,"Iowa","DT",77,320,5.07,33,NA,103,7.91,4.47
"Cedric Ogbuehi",2015,1,21,"CIN","OgbuCe00","T",23,"Texas A&M","OT",77,306,4.98,NA,23,NA,NA,NA
"Charles Gaines",2015,6,189,"CLE","GainCh00","CB",22,"Louisville","CB",70,180,4.44,34.5,NA,123,7.07,4.2
"Chaz Green",2015,3,91,"DAL","GreeCh02","T",23,"Florida","OT",77,314,5.16,29.5,21,106,8,4.7
"Chris Conley",2015,3,76,"KAN","ConlCh00","WR",22,"Georgia","WR",74,213,4.35,45,18,139,7.06,4.3
"Christian Covington",2015,6,216,"HOU","CoviCh00","DT",21,"Rice","DT",74,289,4.9,NA,NA,NA,NA,NA
"Clayton Geathers",2015,4,109,"IND","GeatCl00","SS",23,"Central Florida","SS",74,218,4.55,37,22,120,7.21,4.27
"Clive Walford",2015,3,68,"OAK","WalfCl00","TE",23,"Miami (FL)","TE",76,251,4.79,35,20,120,7.32,4.57
"Corey Robinson",2015,7,240,"DET","RobiCo00","T",23,"South Carolina","OT",79,324,5.34,NA,28,NA,NA,NA
"Craig Mager",2015,3,83,"SDG","MageCr00","CB",23,"Texas St.","CB",71,201,4.44,38,17,130,6.83,4.07
"D'Joun Smith",2015,3,65,"IND","SmitDJ00","CB",22,"Florida Atlantic","CB",70,187,4.37,36,18,124,6.96,4.26
"D.J. Humphries",2015,1,24,"ARI","HumpD.00","T",21,"Florida","OT",77,307,5.12,31,26,104,7.87,4.64
"Da'Ron Brown",2015,7,233,"KAN","BrowDa03","WR",23,"Northern Illinois","WR",72,205,4.54,37,17,120,7.04,4.11
"Damarious Randall",2015,1,30,"GNB","RandDa00","FS",23,"Arizona St.","FS",71,196,4.46,38,14,120,6.83,4.07
"Damian Swann",2015,5,167,"NOR","SwanDa02","CB",22,"Georgia","CB",72,189,4.5,33,NA,118,NA,NA
"Damien Wilson",2015,4,127,"DAL","WilsDa02","ILB",22,"Minnesota","ILB",72,245,4.77,37,22,119,7.21,4.2
"Danielle Hunter",2015,3,88,"MIN","HuntDa01","DE",20,"LSU","DE",77,252,4.57,NA,25,NA,NA,NA
"Danny Shelton",2015,1,12,"CLE","ShelDa01","NT",22,"Washington","DT",74,339,5.64,30.5,34,95,7.99,4.65
"Dante Fowler",2015,1,3,"JAX","FowlDa00","OLB",21,"Florida","OLB",75,261,4.6,32.5,19,112,7.4,4.32
"Darius Philon",2015,6,192,"SDG","PhilDa01","DT",21,"Arkansas","DT",73,298,5,31,26,107,8,NA
"Darren Waller",2015,6,204,"BAL","WallDa01","WR",22,"Georgia Tech","WR",78,238,4.46,37,12,125,7.07,4.25
"Daryl Williams",2015,4,102,"CAR","WillDa06","G",23,"Oklahoma","OT",77,327,5.34,26,27,97,NA,5.15
"David Cobb",2015,5,138,"TEN","CobbDa00","RB",22,"Minnesota","RB",71,229,4.59,38.5,17,121,NA,NA
"David Johnson",2015,3,86,"ARI","JohnDa08","RB",23,"Northern Iowa","RB",73,224,4.5,41.5,25,127,6.82,4.27
"David Parry",2015,5,151,"IND","ParrDa00","NT",23,"Stanford","DT",73,308,5.38,29,34,103,NA,NA
"Davis Tull",2015,5,148,"NOR","TullDa00","OLB",23,"Tenn-Chattanooga","OLB",74,246,4.57,42.5,26,132,NA,NA
"DeAndre Smelter",2015,4,132,"SFO","SmelDe00","WR",23,"Georgia Tech","WR",74,226,4.52,NA,NA,NA,NA,NA
"Denzel Perryman",2015,2,48,"SDG","PerrDe00","ILB",22,"Miami (FL)","ILB",71,236,4.78,32,27,113,NA,NA
"Deon Simon",2015,7,223,"NYJ","SimoDe00","NT",25,"NW State (LA)","DT",76,321,5.12,29.5,35,105,7.92,4.76
"Derron Smith",2015,6,197,"CIN","SmitDe05","FS",23,"Fresno St.","FS",70,200,4.61,NA,NA,NA,NA,NA
"DeVante Parker",2015,1,14,"MIA","ParkDe01","WR",22,"Louisville","WR",75,209,4.45,36.5,17,125,NA,NA
"Devin Funchess",2015,2,41,"CAR","FuncDe00","TE",21,"Michigan","WR",76,232,4.7,38.5,17,122,NA,NA
"Devin Smith",2015,2,37,"NYJ","SmitDe04","WR",23,"Ohio St.","WR",72,196,4.42,39,10,122,NA,4.15
"Donovan Smith",2015,2,34,"TAM","SmitDo02","T",22,"Penn St.","OT",78,338,5.27,32,26,109,7.95,4.79
"Doran Grant",2015,4,121,"PIT","GranDo00","CB",22,"Ohio St.","CB",70,200,4.44,33,21,116,NA,4.33
"Dorial Green-Beckham",2015,2,40,"TEN","GreeDo00","WR",22,"Oklahoma","WR",77,237,4.49,33.5,13,119,6.89,4.45
"Duke Johnson",2015,3,77,"CLE","JohnDu00","RB",21,"Miami (FL)","RB",69,207,4.54,33.5,NA,121,NA,NA
"Eddie Goldman",2015,2,39,"CHI","GoldEd00","DT",21,"Florida St.","DT",76,336,5.28,NA,NA,NA,NA,NA
"Edmond Robinson",2015,7,232,"MIN","RobiEd00","OLB",23,"Newberry","OLB",75,245,4.61,37,20,121,7.49,4.38
"Eli Harold",2015,3,79,"SFO","HaroEl00","OLB",21,"Virginia","OLB",75,247,4.6,35,NA,123,7.07,4.16
"Ereck Flowers",2015,1,9,"NYG","FlowEr00","T",21,"Miami (FL)","OT",78,329,5.31,NA,37,NA,NA,NA
"Eric Kendricks",2015,2,45,"MIN","KendEr00","ILB",23,"UCLA","ILB",72,232,4.61,38,19,124,NA,NA
"Eric Rowe",2015,2,47,"PHI","RoweEr00","CB",22,"Utah","CB",73,205,4.45,39,19,125,6.7,3.97
"Frank Clark",2015,2,63,"SEA","ClarFr01","DE",22,"Michigan","DE",75,271,4.79,38.5,19,118,7.08,4.05
"Gabe Wright",2015,4,113,"DET","WrigGa00","DT",23,"Auburn","DT",75,300,5.07,26.5,34,100,7.73,4.56
"Garrett Grayson",2015,3,75,"NOR","GrayGa00","QB",24,"Colorado St.","QB",74,213,4.75,NA,NA,NA,NA,NA
"Geneo Grissom",2015,3,97,"NWE","GrisGe00","DE",23,"Oklahoma","OLB",75,262,4.81,37,20,117,7.24,4.38
"Gerald Christian",2015,7,256,"ARI","ChriGe00","TE",24,"Louisville","TE",75,244,4.87,NA,28,NA,7.62,4.7
"Geremy Davis",2015,6,186,"NYG","DaviGe00","WR",23,"Connecticut","WR",74,216,4.49,36.5,23,124,6.86,4.18
"Gerod Holliman",2015,7,239,"PIT","HollGe00","FS",21,"Louisville","FS",72,218,4.62,NA,17,NA,NA,NA
"Grady Jarrett",2015,5,137,"ATL","JarrGr00","NT",22,"Clemson","DT",73,304,5.06,31,30,112,7.37,4.56
"Hau'oli Kikaha",2015,2,44,"NOR","KikaHa00","OLB",23,"Washington","OLB",74,253,4.93,NA,NA,NA,NA,NA
"Hayes Pullard",2015,7,219,"CLE","PullHa00","ILB",23,"USC","ILB",72,240,4.78,31,19,110,7.07,4.39
"Henry Anderson",2015,3,93,"IND","AndeHe00","DE",24,"Stanford","DE",78,294,4.97,30,NA,111,7.2,4.19
"Hroniss Grasu",2015,3,71,"CHI","GrasHr00","C",24,"Oregon","C",75,297,5.03,NA,NA,NA,NA,NA
"Ibraheim Campbell",2015,4,115,"CLE","CampIb00","SS",23,"Northwestern","SS",71,208,4.52,NA,23,NA,NA,NA
"Ifo Ekpre-Olomu",2015,7,241,"CLE","EkprIf00","CB",22,"Oregon","CB",69,192,4.52,NA,NA,NA,NA,NA
"JaCorey Shepherd",2015,6,191,"PHI","ShepJa00","CB",22,"Kansas","CB",71,199,4.62,NA,14,NA,NA,NA
"Jaelen Strong",2015,3,70,"HOU","StroJa01","WR",21,"Arizona St.","WR",74,217,4.44,42,NA,123,NA,NA
"Jake Fisher",2015,2,53,"CIN","FishJa00","T",22,"Oregon","OT",78,306,5.01,32.5,25,NA,7.25,4.33
"Jake Ryan",2015,4,129,"GNB","RyanJa00","OLB",23,"Michigan","OLB",74,240,4.65,34.5,20,120,7.11,4.2
"Jalen Collins",2015,2,42,"ATL","CollJa02","CB",22,"LSU","CB",73,203,4.48,36,NA,124,6.77,4.27
"Jalston Fowler",2015,4,108,"TEN","FowlJa00","FB",25,"Alabama","FB",71,254,4.94,33.5,23,114,7.56,4.4
"Jameis Winston",2015,1,1,"TAM","WinsJa00","QB",21,"Florida St.","QB",76,231,4.97,28.5,NA,103,7.16,4.36
"James Sample",2015,4,104,"JAX","SampJa00","SS",23,"Louisville","SS",74,209,4.56,32.5,NA,123,7.04,NA
"Jamil Douglas",2015,4,114,"MIA","DougJa00","G",23,"Arizona St.","OG",76,304,5.25,29,28,99,7.99,4.75
"Jamison Crowder",2015,4,105,"WAS","CrowJa00","WR",22,"Duke","WR",68,185,4.56,37,10,115,7.17,4.32
"Jamon Brown",2015,3,72,"STL","BrowJa04","T",22,"Louisville","OT",76,323,5.08,NA,NA,NA,NA,NA
"Jaquiski Tartt",2015,2,46,"SFO","TartJa00","SS",23,"Samford","SS",73,221,4.53,NA,NA,124,NA,NA
"Jarvis Harrison",2015,5,152,"NYJ","HarrJa02","G",23,"Texas A&M","OG",76,330,5.19,29.5,26,102,7.51,4.62
"Javorius Allen",2015,4,125,"BAL","AlleJa01","RB",24,"USC","RB",72,221,4.53,35.5,11,121,6.96,4.28
"Jay Ajayi",2015,5,149,"MIA","AjayJa00","RB",22,"Boise St.","RB",72,221,4.57,39,19,121,7.1,4.1
"Jeff Heuerman",2015,3,92,"DEN","HeueJe00","TE",22,"Ohio St.","TE",77,254,4.81,NA,26,NA,NA,NA
"Jeremiah Poutasi",2015,3,66,"TEN","PoutJe00","G",21,"Utah","OG",77,335,5.32,26.5,26,95,8.09,4.89
"Jeremy Langford",2015,4,106,"CHI","LangJe00","RB",23,"Michigan St.","RB",72,208,4.42,34.5,NA,118,7.22,4.32
"Jesse James",2015,5,160,"PIT","JameJe00","TE",21,"Penn St.","TE",79,261,4.83,37.5,26,121,7.53,4.5
"Joe Cardona",2015,5,166,"NWE","CardJo00","LS",23,"Navy","LS",74,242,4.91,33,30,NA,NA,NA
"Joey Iosefa",2015,7,231,"TAM","IoseJo00","FB",24,"Hawaii","FB",72,247,5.02,31.5,30,110,7.24,4.33
"John Miller",2015,3,81,"BUF","MillJo04","G",22,"Louisville","OG",74,303,5.33,27,29,104,8.2,4.75
"Jon Feliciano",2015,4,128,"OAK","FeliJo00","G",23,"Miami (FL)","OG",76,323,5.33,26.5,NA,97,NA,4.74
"Jordan Hicks",2015,3,84,"PHI","HickJo00","OLB",23,"Texas","OLB",73,236,4.68,38,20,124,6.78,4.15
"Jordan Phillips",2015,2,52,"MIA","PhilJo01","NT",22,"Oklahoma","DT",77,329,5.17,30,28,105,7.88,4.68
"Jordan Richards",2015,2,64,"NWE","RichJo00","SS",22,"Stanford","SS",71,211,4.65,32,13,111,6.74,4.22
"Josh Robinson",2015,6,205,"IND","RobiJo02","RB",23,"Mississippi St.","RB",68,217,4.7,32,21,113,NA,NA
"Josh Shaw",2015,4,120,"CIN","ShawJo00","CB",23,"USC","CB",72,201,4.44,37.5,26,130,7.01,4.12
"Justin Hardy",2015,4,107,"ATL","HardJu00","WR",23,"East Carolina","WR",70,192,4.56,36.5,11,114,6.63,4.21
"Kaelin Clay",2015,6,184,"TAM","ClayKa00","WR",23,"Utah","WR",70,195,4.51,33,10,113,6.97,4.26
"Karlos Williams",2015,5,155,"BUF","WillKa01","RB",22,"Florida St.","RB",73,230,4.48,33.5,16,117,7.16,4.46
"Keith Mumphery",2015,5,175,"HOU","MumpKe00","WR",23,"Michigan St.","WR",72,215,4.54,32.5,NA,121,7.07,4.25
"Kenny Bell",2015,5,162,"TAM","BellKe02","WR",23,"Nebraska","WR",73,197,4.42,41.5,7,129,6.66,4.15
"Kenny Hilliard",2015,7,235,"HOU","HillKe01","RB",23,"LSU","RB",72,226,4.83,27,NA,111,7.17,4.4
"Kevin Johnson",2015,1,16,"HOU","JohnKe04","CB",23,"Wake Forest","CB",72,188,4.52,41.5,NA,130,6.79,3.89
"Kevin White",2015,1,7,"CHI","WhitKe00","WR",23,"West Virginia","WR",75,215,4.35,36.5,23,123,6.92,4.14
"Kevin White",2015,1,7,"CHI","WhitKe00","WR",23,"West Virginia","CB",69,183,4.63,35.5,18,121,NA,NA
"Kwon Alexander",2015,4,124,"TAM","AlexKw00","OLB",21,"LSU","OLB",73,227,4.55,36,24,121,7.14,4.2
"Kyle Emanuel",2015,5,153,"SDG","EmanKy00","OLB",24,"North Dakota St.","OLB",75,255,4.77,34,27,120,7.1,4.25
"Kyshoen Jarrett",2015,6,181,"WAS","JarrKy00","SS",22,"Virginia Tech","SS",70,200,4.57,33,21,109,6.95,4.4
"Laken Tomlinson",2015,1,28,"DET","TomlLa01","G",23,"Duke","OG",75,323,5.33,31.5,25,103,8.17,4.87
"Landon Collins",2015,2,33,"NYG","CollLa00","SS",21,"Alabama","SS",72,228,4.53,35,NA,120,7.38,4.33
"Laurence Gibson",2015,7,243,"DAL","GibsLa00","T",24,"Virginia Tech","OT",78,305,5.04,33.5,24,113,7.72,4.56
"Leonard Williams",2015,1,6,"NYJ","WillLe02","DE",21,"USC","DT",77,302,4.97,29.5,NA,106,7.59,4.53
"Leterrius Walton",2015,6,199,"PIT","WaltLe00","DT",23,"Central Michigan","DT",77,319,5.25,27,25,103,7.91,4.78
"Lorenzo Doss",2015,5,164,"DEN","DossLo00","CB",21,"Tulane","CB",70,182,4.5,33.5,9,115,7.2,4.26
"Lorenzo Mauldin",2015,3,82,"NYJ","MaulLo00","OLB",22,"Louisville","OLB",76,259,4.85,32,23,112,7.47,4.58
"Malcom Brown",2015,1,32,"NWE","BrowMa01","DT",21,"Texas","DT",74,319,5.05,29.5,26,98,7.84,4.59
"Marcus Hardison",2015,4,135,"CIN","HardMa00","DE",23,"Arizona St.","DT",75,307,4.91,NA,27,NA,NA,NA
"Marcus Mariota",2015,1,2,"TEN","MariMa01","QB",21,"Oregon","QB",76,222,4.52,36,NA,121,6.87,4.11
"Marcus Murphy",2015,7,230,"NOR","MurpMa03","RB",23,"Missouri","RB",69,198,4.61,29,11,109,NA,4.4
"Marcus Peters",2015,1,18,"KAN","PeteMa00","CB",22,"Washington","CB",72,197,4.53,37.5,17,121,7.08,4.08
"Mario Alford",2015,7,238,"CIN","AlfoMa00","WR",23,"West Virginia","WR",68,180,4.43,34,13,121,6.64,4.07
"Mark Glowinski",2015,4,134,"SEA","GlowMa00","G",23,"West Virginia","OG",76,307,5.2,29.5,31,113,7.56,4.58
"Mark Nzeocha",2015,7,236,"DAL","NzeoMa00","OLB",25,"Wyoming","OLB",74,232,4.56,NA,24,NA,NA,NA
"Markus Golden",2015,2,58,"ARI","GoldMa00","DE",22,"Missouri","OLB",74,260,4.9,NA,NA,NA,NA,NA
"Martin Ifedi",2015,7,227,"STL","IfedMa00","DE",24,"Memphis","DE",75,275,4.88,31,16,111,7.39,4.58
"Martrell Spaight",2015,5,141,"WAS","SpaiMa00","OLB",22,"Arkansas","ILB",72,236,4.81,35,25,120,7.66,NA
"Matt Jones",2015,3,95,"WAS","JoneMa04","RB",22,"Florida","RB",74,231,4.61,31.5,20,112,NA,4.2
"Max Garcia",2015,4,133,"DEN","GarcMa00","C",23,"Florida","C",76,309,5.24,NA,NA,NA,NA,NA
"Max Valles",2015,6,179,"OAK","VallMa00","OLB",21,"Virginia","OLB",77,251,4.83,36.5,NA,121,7.59,4.37
"Maxx Williams",2015,2,55,"BAL","WillMa04","TE",21,"Minnesota","TE",76,249,4.78,34.5,17,117,7.3,4.37
"Melvin Gordon",2015,1,15,"SDG","GordMe00","RB",22,"Wisconsin","RB",73,215,4.52,35,19,126,7.04,4.07
"Michael Burton",2015,5,168,"DET","BurtMi00","FB",23,"Rutgers","FB",71,242,4.65,33,25,115,7.2,4.34
"Mike Davis",2015,4,126,"SFO","DaviMi01","RB",22,"South Carolina","RB",69,217,4.61,34,17,116,7,4.18
"Mitch Morse",2015,2,49,"KAN","MorsMi00","G",23,"Missouri","OG",77,305,5.14,31,36,112,7.6,4.5
"MyCole Pruitt",2015,5,143,"MIN","PruiMy00","TE",23,"Southern Illinois","TE",74,251,4.58,38,17,118,7.25,4.37
"Nate Orchard",2015,2,51,"CLE","OrchNa00","DE",22,"Utah","DE",75,250,4.8,31.5,NA,115,7.28,4.43
"Neiron Ball",2015,5,161,"OAK","BallNe00","OLB",23,"Florida","OLB",74,236,4.65,NA,22,NA,NA,NA
"Nelson Agholor",2015,1,20,"PHI","AghoNe00","WR",22,"USC","WR",72,198,4.42,NA,12,NA,NA,NA
"Nick Boyle",2015,5,171,"BAL","BoylNi00","TE",22,"Delaware","TE",76,268,5.04,30.5,20,112,7.13,4.23
"Nick O'Leary",2015,6,194,"BUF","OLeaNi00","TE",23,"Florida St.","TE",75,252,4.93,30.5,21,110,7.4,4.5
"Obum Gwacham",2015,6,209,"SEA","GwacOb00","DE",24,"Oregon St.","DE",77,246,4.72,36,22,121,7.28,4.28
"Owamagbe Odighizuwa",2015,3,74,"NYG","OdigOw00","DE",23,"UCLA","DE",75,267,4.62,39,25,127,7.36,4.19
"P.J. Williams",2015,3,78,"NOR","WillP.00","CB",22,"Florida St.","CB",72,194,4.57,40,12,132,7.08,4.28
"Paul Dawson",2015,3,99,"CIN","DawsPa00","ILB",22,"TCU","ILB",72,235,4.93,28,21,109,NA,4.49
"Phillip Dorsett",2015,1,29,"IND","DorsPh00","WR",22,"Miami (FL)","WR",70,185,4.33,37,13,122,6.7,4.11
"Preston Smith",2015,2,38,"WAS","SmitPr00","DE",22,"Mississippi St.","DE",77,271,4.74,34,24,121,7.07,4.28
"Quandre Diggs",2015,6,200,"DET","DiggQu00","CB",22,"Texas","CB",69,196,4.56,35.5,17,113,7.22,4.15
"Quinten Rollins",2015,2,62,"GNB","RollQu00","CB",23,"Miami (OH)","CB",71,195,4.57,36.5,14,122,7.1,4.28
"Rakeem Nunez-Roches",2015,6,217,"KAN","NuneRa00","DT",22,"Southern Miss","DT",74,307,5.02,34,26,114,7.67,4.69
"Ramik Wilson",2015,4,118,"KAN","WilsRa00","ILB",23,"Georgia","ILB",74,237,4.77,35,23,111,NA,4.51
"Randall Telfer",2015,6,198,"CLE","TelfRa00","TE",23,"USC","TE",76,250,4.83,NA,20,NA,NA,NA
"Randy Gregory",2015,2,60,"DAL","GregRa00","OLB",22,"Nebraska","DE",77,235,4.64,36.5,24,125,NA,NA
"Rashad Greene",2015,5,139,"JAX","GreeRa00","WR",22,"Florida St.","WR",71,182,4.53,36.5,NA,122,6.88,4.12
"Rob Havenstein",2015,2,57,"STL","HaveRo00","T",23,"Wisconsin","OT",79,321,5.46,28.5,16,96,8.28,4.87
"Robert Myers",2015,5,176,"BAL","MyerRo01","G",23,"Tennessee St.","OG",77,326,5.44,27.5,NA,94,8.1,4.91
"Ronald Darby",2015,2,50,"BUF","DarbRo00","CB",21,"Florida St.","CB",71,193,4.38,41.5,12,129,6.94,4.14
"Rory Anderson",2015,7,254,"SFO","AndeRo01","TE",22,"South Carolina","TE",77,244,4.73,NA,NA,NA,NA,NA
"Ryan Russell",2015,5,163,"DAL","RussRy00","DE",23,"Purdue","DE",76,269,4.75,32.5,25,119,7.25,4.47
"Sammie Coates",2015,3,87,"PIT","CoatSa00","WR",22,"Auburn","WR",73,212,4.43,41,23,131,6.98,4.06
"Sean Mannion",2015,3,89,"STL","MannSe00","QB",23,"Oregon St.","QB",78,229,5.14,31,NA,105,7.29,4.39
"Senquez Golson",2015,2,56,"PIT","GolsSe00","CB",22,"Mississippi","CB",69,176,4.46,33.5,15,120,6.81,4.2
"Shane Ray",2015,1,23,"DEN","RayxSh00","DE",22,"Missouri","DE",75,245,4.68,NA,21,NA,NA,NA
"Shaq Thompson",2015,1,25,"CAR","ThomSh01","OLB",21,"Washington","OLB",72,228,4.64,33.5,NA,117,6.99,4.08
"Stefon Diggs",2015,5,146,"MIN","DiggSt00","WR",21,"Maryland","WR",72,195,4.46,35,NA,115,7.03,4.32
"Stephone Anthony",2015,1,31,"NOR","AnthSt00","ILB",23,"Clemson","ILB",75,243,4.56,37,23,122,7.07,4.03
"Steven Nelson",2015,3,98,"KAN","NelsSt01","CB",22,"Oregon St.","CB",70,197,4.49,34.5,19,115,6.88,4.07
"T.J. Clemmings",2015,4,110,"MIN","ClemT.00","T",23,"Pittsburgh","OT",77,309,5.14,32.5,22,111,7.68,4.54
"T.J. Yeldon",2015,2,36,"JAX","YeldT.00","RB",21,"Alabama","RB",73,226,4.61,36,22,117,7.19,4.22
"Tayo Fabuluje",2015,6,183,"CHI","FabuTa00","T",24,"TCU","OG",78,353,5.55,29.5,NA,NA,NA,4.77
"Terry Poole",2015,4,130,"SEA","PoolTe00","G",23,"San Diego St.","OT",77,307,5.09,31,25,113,7.9,4.66
"Tevin Coleman",2015,3,73,"ATL","ColeTe01","RB",22,"Indiana","RB",71,206,4.4,NA,22,NA,NA,NA
"Todd Gurley",2015,1,10,"STL","GurlTo01","RB",21,"Georgia","RB",73,222,4.52,NA,17,NA,NA,NA
"Tony Lippett",2015,5,156,"MIA","LippTo00","WR",23,"Michigan St.","WR",74,192,4.61,36,10,114,6.92,4.13
"Trae Waynes",2015,1,11,"MIN","WaynTr00","CB",23,"Michigan St.","CB",72,186,4.31,38,19,122,7.06,4.39
"Tre McBride",2015,7,245,"TEN","McBrTr00","WR",22,"William & Mary","WR",72,210,4.41,38,16,122,6.96,4.08
"Trey Flowers",2015,4,101,"NWE","FlowTr00","DE",22,"Arkansas","DE",74,266,4.93,36.5,28,121,7.34,4.4
"Ty Montgomery",2015,3,94,"GNB","MontTy01","WR",22,"Stanford","WR",72,221,4.55,40.5,NA,121,6.97,4.21
"Ty Sambrailo",2015,2,59,"DEN","SambTy00","T",23,"Colorado St.","OT",78,311,5.36,29,23,97,7.54,4.58
"Tye Smith",2015,5,170,"SEA","SmitTy01","CB",22,"Towson","CB",72,195,4.6,36.5,15,124,6.97,3.96
"Tyeler Davison",2015,5,154,"NOR","DaviTy01","DT",22,"Fresno St.","DT",74,316,5.18,33,32,105,7.53,4.46
"Tyler Kroft",2015,3,85,"CIN","KrofTy00","TE",22,"Rutgers","TE",77,246,4.75,NA,17,NA,NA,NA
"Tyler Lockett",2015,3,69,"SEA","LockTy00","WR",22,"Kansas St.","WR",70,182,4.4,35.5,NA,121,6.89,4.07
"Tyrus Thompson",2015,6,185,"MIN","ThomTy01","T",23,"Oklahoma","OT",77,324,5.35,29,29,97,NA,4.92
"Vic Beasley",2015,1,8,"ATL","BeasVi00","OLB",23,"Clemson","OLB",75,246,4.53,41,35,130,6.91,4.15
"Vince Mayle",2015,4,123,"CLE","MaylVi00","WR",24,"Washington St.","WR",74,224,4.67,35.5,NA,117,6.93,4.13
"Xavier Cooper",2015,3,96,"CLE","CoopXa00","DT",23,"Washington St.","DT",75,293,4.86,29,29,110,7.23,4.37
"Xzavier Dickson",2015,7,253,"NWE","DickXz00","OLB",NA,"Alabama","OLB",75,260,4.74,29.5,19,100,7.56,4.53
"Za'Darius Smith",2015,4,122,"BAL","SmitZa00","DE",22,"Kentucky","DE",76,274,4.83,29,23,113,7.42,4.66
"A'Shawn Robinson",2016,2,46,"DET","RobiAS00","DT",21,"Alabama","DT",76,307,5.2,26,22,106,7.8,4.74
"Aaron Burbridge",2016,6,213,"SFO","BurbAa00","WR",22,"Michigan St.","WR",72,206,4.56,30.5,20,115,7.22,4.31
"Adam Gotsis",2016,2,63,"DEN","GotsAd00","DT",23,"Georgia Tech","DT",76,287,4.88,NA,NA,NA,NA,NA
"Adolphus Washington",2016,3,80,"BUF","WashAd00","DT",21,"Ohio St.","DT",75,301,5.17,27,21,99,8.06,4.79
"Alex Collins",2016,5,171,"SEA","CollAl00","RB",22,"Arkansas","RB",70,217,4.59,28.5,18,113,NA,NA
"Alex Lewis",2016,4,130,"BAL","LewiAl01","T",24,"Nebraska","OT",78,312,5.22,29.5,27,100,7.94,4.72
"Alex McCalister",2016,7,240,"PHI","McCaAl00","DE",22,"Florida","DE",78,239,4.8,34.5,NA,128,7.01,4
"Andrew Billings",2016,4,122,"CIN","BillAn00","NT",21,"Baylor","DT",73,311,5.05,27.5,31,113,8.05,4.82
"Andy Janovich",2016,6,176,"DEN","JanoAn00","FB",23,"Nebraska","FB",73,238,4.81,34,30,119,7.28,4.32
"Anthony Brown",2016,6,189,"DAL","BrowAn02","CB",22,"Purdue","CB",71,192,4.33,35,19,115,7.03,4.19
"Anthony Zettel",2016,6,202,"DET","ZettAn00","DT",24,"Penn St.","DT",76,277,4.81,30.5,28,109,7.63,4.39
"Antonio Morrison",2016,4,125,"IND","MorrAn01","ILB",21,"Florida","ILB",73,232,4.76,NA,NA,NA,NA,NA
"Artie Burns",2016,1,25,"PIT","BurnAr00","CB",21,"Miami (FL)","CB",72,193,4.46,31.5,NA,NA,NA,NA
"Austin Blythe",2016,7,248,"IND","BlytAu00","C",24,"Iowa","C",74,298,5.36,27.5,29,99,7.52,4.53
"Austin Hooper",2016,3,81,"ATL","HoopAu00","TE",21,"Stanford","TE",76,254,4.72,33,19,117,7,4.32
"Austin Johnson",2016,2,43,"TEN","JohnAu01","NT",22,"Penn St.","DT",76,314,5.32,26,25,96,7.84,4.75
"B.J. Goodson",2016,4,109,"NYG","GoodB.00","OLB",23,"Clemson","OLB",73,242,4.69,34.5,30,118,7.05,4.51
"Beau Sandland",2016,7,252,"CAR","SandBe00","TE",23,"Montana St.","TE",76,253,4.74,35,23,124,7.1,4.33
"Blake Martinez",2016,4,131,"GNB","MartBl01","LB",22,"Stanford","ILB",74,237,4.71,28.5,22,113,6.98,4.2
"Brandon Allen",2016,6,201,"JAX","AlleBr00","QB",24,"Arkansas","QB",73,217,4.84,28,NA,110,7.06,4.33
"Brandon Doughty",2016,7,223,"MIA","DougBr00","QB",24,"West. Kentucky","QB",75,213,5.22,27,NA,103,7.49,4.52
"Brandon Shell",2016,5,158,"NYJ","ShelBr00","T",24,"South Carolina","OT",77,324,5.22,30.5,22,112,NA,NA
"Brandon Williams",2016,3,92,"ARI","WillBr07","CB",23,"Texas A&M","CB",71,197,4.37,30.5,18,118,6.85,4.19
"Braxton Miller",2016,3,85,"HOU","MillBr03","WR",23,"Ohio St.","WR",73,201,4.5,35,17,123,6.65,4.07
"Bronson Kaufusi",2016,3,70,"BAL","KaufBr01","DE",25,"BYU","DE",78,285,4.87,30,25,111,7.03,4.25
"C.J. Prosise",2016,3,90,"SEA","ProsC.00","RB",22,"Notre Dame","RB",72,220,4.48,35.5,NA,121,NA,NA
"Caleb Benenoch",2016,5,148,"TAM","BeneCa00","T",22,"UCLA","OT",77,311,4.98,28,NA,104,8.15,5.11
"Cardale Jones",2016,4,139,"BUF","JoneCa01","QB",23,"Ohio St.","QB",77,253,4.81,36,NA,NA,NA,NA
"Carl Nassib",2016,3,65,"CLE","NassCa00","DE",23,"Penn St.","DE",79,277,4.84,28.5,21,114,7.27,4.37
"Carson Wentz",2016,1,2,"PHI","WentCa00","QB",23,"North Dakota St.","QB",77,237,4.77,30.5,NA,118,6.86,4.15
"Charles Tapper",2016,4,101,"DAL","TappCh00","DE",23,"Oklahoma","DE",75,271,4.59,34,23,119,NA,NA
"Charone Peake",2016,7,241,"NYJ","PeakCh00","WR",23,"Clemson","WR",74,209,4.45,35.5,12,122,6.96,4.46
"Chris Jones",2016,2,37,"KAN","JoneCh09","DT",22,"Mississippi St.","DT",78,310,5.03,24.5,26,106,7.44,4.62
"Chris Moore",2016,4,107,"BAL","MoorCh00","WR",23,"Cincinnati","WR",73,206,4.53,37,10,130,6.76,4.2
"Christian Hackenberg",2016,2,51,"NYJ","HackCh01","QB",21,"Penn St.","QB",76,223,4.78,31,NA,114,7.04,4.33
"Christian Westerman",2016,5,161,"CIN","WestCh02","G",23,"Arizona St.","OG",75,298,5.12,NA,34,98,7.69,4.71
"Cody Core",2016,6,199,"CIN","CoreCo00","WR",22,"Mississippi","WR",75,205,4.47,31.5,14,119,NA,NA
"Cody Kessler",2016,3,93,"CLE","KessCo00","QB",23,"USC","QB",73,220,4.89,29.5,NA,104,7.32,4
"Cody Whitehair",2016,2,56,"CHI","WhitCo03","G",24,"Kansas St.","OT",76,301,5.02,25.5,16,110,7.32,4.58
"Cole Toner",2016,5,170,"ARI","ToneCo00","T",22,"Harvard","OT",77,306,5.32,26,22,103,7.88,4.59
"Connor Cook",2016,4,100,"OAK","CookCo00","QB",23,"Michigan St.","QB",76,217,4.79,33,NA,113,7.21,4.28
"Connor McGovern",2016,5,144,"DEN","McGoCo00","G",23,"Missouri","OG",76,306,5.11,33,33,109,7.5,4.65
"Corey Coleman",2016,1,15,"CLE","ColeCo00","WR",22,"Baylor","WR",71,194,4.42,40.5,17,129,NA,NA
"Cyrus Jones",2016,2,60,"NWE","JoneCy00","CB",22,"Alabama","CB",70,197,4.49,33,10,116,6.71,4.21
"D.J. Reader",2016,5,166,"HOU","ReadD.00","NT",22,"Clemson","DT",75,327,5.33,29.5,30,99,7.9,4.71
"D.J. White",2016,6,178,"KAN","WhitD.00","CB",22,"Georgia Tech","CB",71,193,4.49,33,17,132,7.18,4.33
"Dadi Nicolas",2016,6,203,"KAN","NicoDa00","DE",23,"Virginia Tech","DE",75,235,4.74,41,14,116,7.04,4.38
"Dak Prescott",2016,4,135,"DAL","PresDa01","QB",23,"Mississippi St.","QB",74,226,4.79,32.5,NA,116,7.11,4.32
"Dan Vitale",2016,6,197,"TAM","VitaDa00","FB",22,"Northwestern","FB",73,239,4.6,38.5,30,123,7.12,4.12
"Daniel Lasco",2016,7,237,"NOR","LascDa00","RB",23,"California","RB",72,209,4.46,41.5,23,135,7.22,4.26
"Darian Thompson",2016,3,71,"NYG","ThomDa05","S",22,"Boise St.","FS",74,208,4.69,32.5,12,118,7.26,4.33
"Darron Lee",2016,1,20,"NYJ","LeexDa00","OLB",21,"Ohio St.","OLB",73,232,4.47,35.5,17,133,7.12,4.2
"Daryl Worley",2016,3,77,"CAR","WorlDa00","CB",21,"West Virginia","CB",73,204,4.64,35.5,14,123,6.98,4.15
"David Morgan",2016,6,188,"MIN","MorgDa01","TE",23,"Texas-San Antonio","TE",76,262,NA,NA,NA,NA,NA,NA
"De'Vondre Campbell",2016,4,115,"ATL","CampDe00","OLB",23,"Minnesota","OLB",76,232,4.58,34,16,116,NA,NA
"Dean Lowry",2016,4,137,"GNB","LowrDe00","DE",22,"Northwestern","DE",78,296,4.87,32.5,30,114,7.26,4.38
"Deion Jones",2016,2,52,"ATL","JoneDe01","OLB",21,"LSU","OLB",73,222,4.59,33,NA,120,NA,NA
"Demarcus Ayers",2016,7,229,"PIT","AyerDe00","WR",22,"Houston","WR",69,182,4.72,33,NA,123,NA,NA
"Demarcus Robinson",2016,4,126,"KAN","RobiDe01","WR",21,"Florida","WR",73,203,4.59,34.5,NA,123,6.77,4.19
"Deon Bush",2016,4,124,"CHI","BushDe00","S",23,"Miami (FL)","FS",72,199,4.64,36,17,123,NA,NA
"Derrick Henry",2016,2,45,"TEN","HenrDe00","RB",22,"Alabama","RB",75,247,4.54,37,22,130,7.2,4.38
"Derrick Kindred",2016,4,129,"CLE","KindDe00","FS",22,"TCU","FS",70,207,4.5,37.5,NA,123,7.05,4.29
"Devante Bond",2016,6,183,"TAM","BondDe00","OLB",23,"Oklahoma","OLB",73,235,4.7,37.5,21,121,7.07,4.36
"Devontae Booker",2016,4,136,"DEN","BookDe00","RB",24,"Utah","RB",71,219,4.56,NA,22,NA,NA,NA
"Drew Kaser",2016,6,179,"SDG","KaseDr00","P",23,"Texas A&M","P",74,212,4.95,NA,NA,NA,NA,NA
"Eli Apple",2016,1,10,"NYG","ApplEl00","CB",21,"Ohio St.","CB",73,199,4.4,NA,13,NA,NA,NA
"Emmanuel Ogbah",2016,2,32,"CLE","OgbaEm00","DE",22,"Oklahoma St.","DE",76,273,4.63,35.5,20,121,7.26,4.5
"Eric Murray",2016,4,106,"KAN","MurrEr00","CB",22,"Minnesota","CB",71,199,4.49,39.5,15,124,7.08,4.05
"Evan Boehm",2016,4,128,"ARI","BoehEv00","C",23,"Missouri","C",74,302,5.33,28.5,24,96,7.52,4.69
"Ezekiel Elliott",2016,1,4,"DAL","ElliEz00","RB",21,"Ohio St.","RB",72,225,4.47,32.5,NA,118,NA,NA
"Fahn Cooper",2016,5,174,"SFO","CoopFa00","T",23,"Mississippi","OT",76,303,5.17,25,19,102,7.85,4.89
"Germain Ifedi",2016,1,31,"SEA","IfedGe00","G",22,"Texas A&M","OT",78,324,5.27,32.5,24,109,NA,4.75
"Graham Glasgow",2016,3,95,"DET","GlasGr00","C",24,"Michigan","C",78,307,5.13,25,23,106,7.63,4.63
"Halapoulivaati Vaitai",2016,5,164,"PHI","VaitHa00","T",23,"TCU","OT",78,320,5.26,29,23,113,8.26,5
"Harlan Miller",2016,6,205,"ARI","MillHa00","CB",22,"SE Louisiana","CB",72,182,4.65,35.5,6,118,7.44,4.43
"Hassan Ridgeway",2016,4,116,"IND","RidgHa00","DT",21,"Texas","DT",75,303,5.02,32,24,113,8.28,4.82
"Hunter Henry",2016,2,35,"SDG","HenrHu00","TE",21,"Arkansas","TE",77,250,4.79,NA,13,NA,NA,NA
"Isaac Seumalo",2016,3,79,"PHI","SeumIs00","G",22,"Oregon St.","OG",76,303,5.19,26,NA,105,7.4,4.52
"Jack Conklin",2016,1,8,"TEN","ConkJa00","T",22,"Michigan St.","OT",78,308,5,30,25,103,7.63,4.57
"Jacoby Brissett",2016,3,91,"NWE","BrisJa00","QB",22,"North Carolina St.","QB",76,231,4.94,31,NA,113,7.17,4.53
"Jalen Mills",2016,7,233,"PHI","MillJa02","FS",22,"LSU","SS",72,191,4.61,37,16,123,6.86,4
"Jalen Ramsey",2016,1,5,"JAX","RamsJa00","CB",21,"Florida St.","CB",73,209,4.41,41.5,14,135,6.94,4.18
"James Bradberry",2016,2,62,"CAR","BradJa00","CB",23,"Samford","CB",73,211,4.5,36,16,124,6.91,4.21
"Jared Goff",2016,1,1,"LAR","GoffJa00","QB",21,"California","QB",76,215,4.82,27,NA,110,7.17,4.47
"Jarran Reed",2016,2,49,"SEA","ReedJa02","DT",23,"Alabama","DT",75,307,5.21,31,NA,104,7.77,4.75
"Jason Spriggs",2016,2,48,"GNB","SpriJa00","T",22,"Indiana","OT",78,301,4.94,31.5,31,115,7.7,4.44
"Javon Hargrave",2016,3,89,"PIT","HargJa00","DT",23,"South Carolina St.","DT",73,309,4.93,34.5,29,109,7.9,4.7
"Jaylon Smith",2016,2,34,"DAL","SmitJa05","OLB",21,"Notre Dame","OLB",74,223,4.67,NA,NA,NA,NA,NA
"Jayron Kearse",2016,7,244,"MIN","KearJa00","S",22,"Clemson","SS",76,216,4.62,31.5,16,124,7.06,NA
"Jeff Driskel",2016,6,207,"SFO","DrisJe00","QB",23,"Louisiana Tech","QB",76,234,4.56,32,NA,122,7.19,4.25
"Jerald Hawkins",2016,4,123,"PIT","HawkJe00","T",22,"LSU","OT",78,305,5.23,23.5,23,100,8.19,4.89
"Jerell Adams",2016,6,184,"NYG","AdamJe01","TE",23,"South Carolina","TE",77,247,4.64,32.5,NA,117,7.05,4.31
"Jihad Ward",2016,2,44,"OAK","WardJi02","DE",22,"Illinois","DT",77,297,5.11,25,20,111,7.38,4.63
"Jimmy Landes",2016,6,210,"DET","LandJi00","LS",24,"Baylor","LS",73,240,4.95,27.5,NA,110,7.05,4.38
"Joe Dahl",2016,5,151,"DET","DahlJo00","G",23,"Washington St.","OT",76,304,5.18,31,28,109,7.64,4.77
"Joe Haeg",2016,5,155,"IND","HaegJo00","T",23,"North Dakota St.","OT",78,304,5.16,27.5,NA,111,7.47,4.47
"Joe Schobert",2016,4,99,"CLE","SchoJo00","OLB",22,"Wisconsin","OLB",73,244,4.76,33.5,22,111,7.11,4.3
"Joe Thuney",2016,3,78,"NWE","ThunJo00","G",23,"North Carolina St.","OT",77,304,4.95,28.5,28,110,7.47,4.54
"Joey Bosa",2016,1,3,"SDG","BosaJo00","DE",21,"Ohio St.","DE",77,269,4.86,32,24,120,6.89,4.21
"John Theus",2016,5,145,"SFO","TheuJo00","T",22,"Georgia","OT",78,313,5.22,28,NA,103,7.9,4.78
"Jonathan Bullard",2016,3,72,"CHI","BullJo00","DT",22,"Florida","DE",75,285,4.93,32,23,116,7.31,4.56
"Jonathan Williams",2016,5,156,"BUF","WillJo07","RB",22,"Arkansas","RB",71,220,4.56,NA,16,NA,NA,NA
"Jordan Howard",2016,5,150,"CHI","HowaJo00","RB",21,"Indiana","RB",72,230,4.57,34,16,122,NA,NA
"Jordan Jenkins",2016,3,83,"NYJ","JenkJo01","OLB",22,"Georgia","OLB",75,259,4.8,36.5,16,121,NA,NA
"Jordan Lucas",2016,6,204,"MIA","LucaJo00","SS",23,"Penn St.","SS",72,201,4.54,NA,NA,NA,NA,NA
"Jordan Payton",2016,5,154,"CLE","PaytJo00","WR",23,"UCLA","WR",73,207,4.47,34.5,NA,121,7.08,4.33
"Josh Doctson",2016,1,22,"WAS","DoctJo00","WR",23,"TCU","WR",74,202,4.5,41,14,131,6.84,4.08
"Josh Forrest",2016,6,190,"LAR","ForrJo00","ILB",24,"Kentucky","ILB",75,249,4.91,30.5,11,118,NA,NA
"Joshua Garnett",2016,1,28,"SFO","GarnJo00","G",22,"Stanford","OG",76,312,5.32,29,30,99,7.62,4.64
"Joshua Perry",2016,4,102,"SDG","PerrJo01","ILB",22,"Ohio St.","ILB",76,254,4.68,33.5,20,124,NA,NA
"Justin Simmons",2016,3,98,"DEN","SimmJu00","FS",22,"Boston Col.","FS",74,202,4.61,40,16,126,6.58,3.85
"Juston Burris",2016,4,118,"NYJ","BurrJu00","CB",23,"North Carolina St.","CB",72,212,4.53,36.5,19,122,7.1,4.4
"Kamalei Correa",2016,2,42,"BAL","CorrKa00","DE",22,"Boise St.","DE",75,243,4.69,33,21,108,NA,NA
"Karl Joseph",2016,1,14,"OAK","JoseKa00","S",22,"West Virginia","SS",70,205,4.57,NA,NA,NA,NA,NA
"Kavon Frazier",2016,6,212,"DAL","FrazKa00","SS",22,"Central Michigan","FS",72,217,4.53,NA,18,NA,NA,NA
"Keanu Neal",2016,1,17,"ATL","NealKe01","SS",21,"Florida","SS",72,211,4.62,38,17,132,7.09,4.38
"Keith Marshall",2016,7,242,"WAS","MarsKe00","RB",22,"Georgia","RB",71,219,4.31,30.5,25,NA,NA,NA
"Kelvin Taylor",2016,6,211,"SFO","TaylKe01","RB",22,"Florida","RB",70,207,4.6,32,15,113,NA,NA
"Kendall Fuller",2016,3,84,"WAS","FullKe00","CB",21,"Virginia Tech","CB",71,187,4.48,NA,15,NA,NA,NA
"Kenneth Dixon",2016,4,134,"BAL","DixoKe00","RB",22,"Louisiana Tech","RB",70,215,4.56,37.5,18,121,6.97,4.28
"Kenny Clark",2016,1,27,"GNB","ClarKe01","DT",20,"UCLA","DT",75,314,5.06,28.5,29,102,NA,4.62
"Kenny Lawler",2016,7,243,"SEA","LawlKe00","WR",22,"California","WR",74,203,4.64,31,NA,111,7.13,4.2
"Kentrell Brothers",2016,5,160,"MIN","BrotKe00","OLB",23,"Missouri","OLB",72,245,4.89,28.5,19,110,6.99,4.11
"Kenyan Drake",2016,3,73,"MIA","DrakKe00","RB",22,"Alabama","RB",73,210,4.45,34.5,10,123,7.04,4.21
"Kevin Dodd",2016,2,33,"TEN","DoddKe00","DE",24,"Clemson","DE",77,277,4.86,NA,NA,NA,NA,NA
"Kevin Hogan",2016,5,162,"KAN","HogaKe00","QB",23,"Stanford","QB",75,218,4.78,32.5,NA,113,6.9,4.31
"Kevon Seymour",2016,6,218,"BUF","SeymKe00","CB",22,"USC","CB",71,186,4.39,35,12,124,NA,4.18
"Kolby Listenbee",2016,6,192,"BUF","ListKo00","WR",22,"TCU","WR",72,197,4.39,35.5,15,129,NA,NA
"Kyle Murphy",2016,6,200,"GNB","MurpKy00","T",22,"Stanford","OT",78,305,5.19,NA,23,NA,NA,NA
"Kyler Fackrell",2016,3,88,"GNB","FackKy00","OLB",24,"Utah St.","OLB",77,245,4.72,34.5,15,121,NA,NA
"Laquon Treadwell",2016,1,23,"MIN","TreaLa00","WR",21,"Mississippi","WR",74,221,4.52,33,12,117,NA,NA
"Laremy Tunsil",2016,1,13,"MIA","TunsLa00","T",22,"Mississippi","OT",77,310,5.23,NA,NA,NA,NA,NA
"Le'Raven Clark",2016,3,82,"IND","ClarLe01","T",23,"Texas Tech","OT",77,316,5.16,NA,18,NA,NA,NA
"Leonard Floyd",2016,1,9,"CHI","FloyLe00","OLB",23,"Georgia","OLB",78,244,4.6,39.5,NA,127,NA,NA
"Leonte Carroo",2016,3,86,"MIA","CarrLe00","WR",22,"Rutgers","WR",72,211,4.5,35.5,14,120,NA,NA
"Mackensie Alexander",2016,2,54,"MIN","AlexMa01","CB",22,"Clemson","CB",70,190,4.43,NA,11,NA,NA,NA
"Malcolm Mitchell",2016,4,112,"NWE","MitcMa01","WR",24,"Georgia","WR",72,198,4.45,36,15,129,6.94,4.34
"Maliek Collins",2016,3,67,"DAL","CollMa00","DT",21,"Nebraska","DT",74,311,5.03,29.5,25,109,7.53,4.52
"Matt Judon",2016,5,146,"BAL","JudoMa00","DE",24,"Grand Valley St.","DE",75,275,4.73,35,30,109,7.67,4.52
"Maurice Canady",2016,6,209,"BAL","CanaMa00","CB",22,"Virginia","CB",73,193,4.49,38,16,124,7.03,4.09
"Max Tuerk",2016,3,66,"SDG","TuerMa00","C",22,"USC","C",77,298,5.12,NA,22,NA,NA,NA
"Michael Thomas",2016,2,47,"NOR","ThomMi05","WR",23,"Ohio St.","WR",75,212,4.57,35,18,126,6.8,4.13
"Miles Killebrew",2016,4,111,"DET","KillMi00","SS",23,"Southern Utah","SS",74,217,4.65,38,22,127,6.93,4.18
"Myles Jack",2016,2,36,"JAX","JackMy00","OLB",21,"UCLA","OLB",73,245,4.56,NA,19,NA,NA,NA
"Nate Sudfeld",2016,6,187,"WAS","SudfNa00","QB",22,"Indiana","QB",78,234,5.02,29,NA,105,NA,NA
"Nick Kwiatkoski",2016,4,113,"CHI","KwiaNi00","ILB",23,"West Virginia","ILB",74,243,4.73,32,19,120,7.16,4.22
"Nick Martin",2016,2,50,"HOU","MartNi00","G",23,"Notre Dame","C",76,299,5.22,28,28,97,7.57,4.72
"Nick Vannett",2016,3,94,"SEA","VannNi00","TE",23,"Ohio St.","TE",78,257,4.76,30.5,17,111,7.05,4.2
"Nick Vigil",2016,3,87,"CIN","VigiNi00","ILB",23,"Utah St.","ILB",74,239,4.72,31.5,NA,115,6.73,4
"Noah Spence",2016,2,39,"TAM","SpenNo00","DE",22,"East. Kentucky","DE",74,251,4.8,35,25,121,7.21,4.35
"Parker Ehinger",2016,4,105,"KAN","EhinPa00","G",23,"Cincinnati","OT",78,310,5.26,27.5,NA,97,NA,NA
"Paul Perkins",2016,5,149,"NYG","PerkPa00","RB",21,"UCLA","RB",70,208,4.54,32,19,124,NA,NA
"Paxton Lynch",2016,1,26,"DEN","LyncPa00","QB",22,"Memphis","QB",79,244,4.86,36,NA,118,7.14,4.26
"Pharoh Cooper",2016,4,117,"LAR","CoopPh00","WR",21,"South Carolina","WR",71,203,4.52,31,15,115,NA,NA
"Quinton Jefferson",2016,5,147,"SEA","JeffQu00","DT",23,"Maryland","DT",76,291,4.95,29,24,NA,7.95,4.37
"Rashard Higgins",2016,5,172,"CLE","HiggRa00","WR",21,"Colorado St.","WR",73,196,4.64,32,13,116,NA,NA
"Rashard Robinson",2016,4,133,"SFO","RobiRa00","CB",21,"LSU","CB",73,171,4.49,35.5,NA,121,NA,NA
"Rees Odhiambo",2016,3,97,"SEA","OdhiRe00","G",23,"Boise St.","OT",76,314,5.17,NA,23,NA,NA,NA
"Reggie Ragland",2016,2,41,"BUF","RaglRe00","ILB",22,"Alabama","ILB",73,247,4.72,31.5,NA,116,NA,4.28
"Ricardo Louis",2016,4,114,"CLE","LouiRi00","WR",22,"Auburn","WR",74,215,4.43,38,18,132,NA,NA
"Riley Dixon",2016,7,228,"DEN","DixoRi00","P",23,"Syracuse","P",76,221,5.04,NA,NA,NA,NA,NA
"Robert Nkemdiche",2016,1,29,"ARI","NkemRo00","DT",21,"Mississippi","DT",75,294,4.87,35,28,116,NA,NA
"Roberto Aguayo",2016,2,59,"TAM","AguaRo00","K",22,"Florida St.","K",72,207,4.96,NA,NA,NA,NA,NA
"Ronald Blair",2016,5,142,"SFO","BlaiRo00","DE",23,"Appalachian St.","DE",74,284,5.15,30,32,113,7.95,4.53
"Ronnie Stanley",2016,1,6,"BAL","StanRo00","T",22,"Notre Dame","OT",78,312,5.2,28.5,NA,NA,8.03,4.9
"Ryan Kelly",2016,1,18,"IND","KellRy00","C",23,"Alabama","C",76,311,5.03,30,26,103,7.58,4.59
"Ryan Smith",2016,4,108,"TAM","SmitRy00","CB",23,"North Carolina Central","CB",71,189,4.47,36,18,122,6.88,4.09
"Sean Davis",2016,2,58,"PIT","DaviSe00","CB",22,"Maryland","CB",73,201,4.46,37.5,21,126,6.64,3.97
"Sebastian Tretola",2016,6,193,"TEN","TretSe00","G",24,"Arkansas","OG",76,314,5.45,23.5,22,90,7.94,5.02
"Shaq Lawson",2016,1,19,"BUF","LawsSh00","DE",22,"Clemson","DE",75,269,4.7,33,NA,120,7.16,4.21
"Sheldon Day",2016,4,103,"JAX","DayxSh00","DT",22,"Notre Dame","DT",73,293,5.07,30,21,102,7.44,4.5
"Sheldon Rankins",2016,1,12,"NOR","RankSh00","DT",22,"Louisville","DT",73,299,5.03,34.5,28,118,7.44,4.59
"Shilique Calhoun",2016,3,75,"OAK","CalhSh00","DE",24,"Michigan St.","DE",76,251,4.82,35,23,115,6.97,4.25
"Shon Coleman",2016,3,76,"CLE","ColeSh00","T",24,"Auburn","OT",77,307,5.18,NA,22,NA,NA,NA
"Spencer Drango",2016,5,168,"CLE","DranSp00","G",23,"Baylor","OT",78,315,5.27,27,30,100,7.88,4.66
"Stephen Weatherly",2016,7,227,"MIN","WeatSt00","OLB",22,"Vanderbilt","OLB",76,267,4.61,31,23,117,NA,NA
"Sterling Shepard",2016,2,40,"NYG","ShepSt00","WR",23,"Oklahoma","WR",70,194,4.48,41,20,123,7,4.35
"Steven Daniels",2016,7,232,"WAS","DaniSt00","ILB",23,"Boston Col.","ILB",71,243,4.86,32,16,112,7.33,4.54
"T.J. Green",2016,2,57,"IND","GreeT.00","FS",21,"Clemson","FS",74,209,4.34,35.5,13,129,NA,NA
"Tajae Sharpe",2016,5,140,"TEN","SharTa00","WR",21,"Massachusetts","WR",74,194,4.55,33.5,11,114,NA,NA
"Tavon Young",2016,4,104,"BAL","YounTa01","CB",22,"Temple","CB",69,183,4.46,34.5,9,118,6.8,3.93
"Taylor Decker",2016,1,16,"DET","DeckTa00","T",23,"Ohio St.","OT",79,310,5.23,29,20,101,7.7,4.76
"Temarrick Hemingway",2016,6,177,"LAR","HemiTe00","TE",23,"South Carolina St.","TE",77,244,4.71,30.5,18,115,6.88,4.31
"Thomas Duarte",2016,7,231,"MIA","DuarTh00","TE",21,"UCLA","TE",74,231,4.72,33.5,12,118,6.97,4.24
"Travis Feeney",2016,6,220,"PIT","FeenTr00","OLB",23,"Washington","OLB",76,230,4.5,40,NA,130,7.2,4.42
"Trevor Davis",2016,5,163,"GNB","DaviTr03","WR",23,"California","WR",73,188,4.42,38.5,11,124,6.6,4.22
"Tyler Boyd",2016,2,55,"CIN","BoydTy00","WR",21,"Pittsburgh","WR",73,197,4.58,34,11,119,6.9,4.35
"Tyler Ervin",2016,4,119,"HOU","ErviTy00","RB",22,"San Jose St.","RB",70,192,4.41,39,17,130,NA,NA
"Tyler Higbee",2016,4,110,"LAR","HigbTy00","TE",23,"West. Kentucky","TE",78,249,4.77,NA,NA,NA,NA,NA
"Tyler Matakevich",2016,7,246,"PIT","MataTy00","OLB",23,"Temple","OLB",72,238,4.81,31,22,112,7.19,4.5
"Vadal Alexander",2016,7,234,"OAK","AlexVa00","G",22,"LSU","OT",77,326,5.57,24,25,95,8.04,4.9
"Vernon Butler",2016,1,30,"CAR","ButlVe00","DT",22,"Louisiana Tech","DT",76,323,5.33,29.5,26,104,7.82,4.76
"Vincent Valentine",2016,3,96,"NWE","ValeVi00","DT",22,"Nebraska","DT",76,329,5.19,29,17,110,8.03,4.59
"Vonn Bell",2016,2,61,"NOR","BellVo00","FS",21,"Ohio St.","FS",71,199,4.52,NA,16,NA,NA,NA
"Wendell Smallwood",2016,5,153,"PHI","SmalWe00","RB",22,"West Virginia","RB",70,208,4.47,33.5,14,120,6.83,4.28
"Will Fuller",2016,1,21,"HOU","FullWi01","WR",22,"Notre Dame","WR",72,186,4.32,33.5,10,126,6.93,4.27
"Will Redmond",2016,3,68,"SFO","RedmWi00","CB",22,"Mississippi St.","CB",71,182,4.45,NA,NA,NA,NA,NA
"Willie Beavers",2016,4,121,"MIN","BeavWi00","T",22,"West. Michigan","OT",77,321,5.28,25.5,20,103,7.96,4.71
"Willie Henry",2016,4,132,"BAL","HenrWi00","DT",22,"Michigan","DT",75,303,5,30.5,28,110,7.57,4.53
"Xavien Howard",2016,2,38,"MIA","HowaXa00","CB",23,"Baylor","CB",72,201,4.58,33,11,122,7.18,4.15
"Yannick Ngakoue",2016,3,69,"JAX","NgakYa00","DE",21,"Maryland","DE",74,252,4.75,34.5,26,118,7.35,4.5
"Zack Sanchez",2016,5,141,"CAR","SancZa00","CB",22,"Oklahoma","CB",71,185,4.5,35.5,19,116,NA,NA
